               3.244 0 0 0 -5.6228e-06 3.80987e-05 -0.00531545 36.8726       0       0   -0.011 -0.02329 0.081845 -0.000917489   0.00196515     -0.05635 -0.000108612 -0.000335327  0.000629411 0 0 0  0.00113742 -0.00609388      -9.809 
               3.344  0.0548702  0.0393724 0.00907867 -0.00233516  -0.0026348 -0.00104602 36.8726       0       0   -0.011 -0.02329 0.081845 -0.000807501  0.000512241   -0.0819249 -0.000108628 -0.000335342  0.000629406   4.4686e-08  4.35306e-08 -2.01181e-07  0.00113738 -0.00609393      -9.809 
               3.444   0.079306 0.00783739 0.00817209 -0.00383654  -0.0113123   0.0199121 36.8726       0       0   -0.011 -0.02329 0.081845 -0.00717395     -0.0444   0.0420801 -0.000139625 -0.000288402  0.000637741  1.92599e-06  1.08712e-05 -3.85025e-05  0.00113558 -0.00610437      -9.809 
               3.544  0.0805804 -0.0473884  -0.017485 -0.00110752  -0.0153576    0.029485 36.8726       0       0   -0.011 -0.02329 0.081845 0.00755139 -0.0411926  0.0398783 -0.000139577 -0.000235202  0.000673412 -0.00188433 -0.00185358 -0.00215438  0.00295059 -0.00431456      -9.809 
               3.644  0.0359297 -0.0619699 -0.0250639 -0.00149992 -0.00972582   0.0166741 36.8726       0       0   -0.011 -0.02329 0.081845  0.00290319 -0.00468619  -0.0406943  -6.7872e-05 -0.000200385   0.00066121 -0.00184037  -0.0102033  0.00837815 0.00290776 0.00373478     -9.809 
               3.744  0.0254965 -0.0887052  -0.047954 0.000100504  -0.0103873   0.0166756 36.8726       0       0   -0.011 -0.02329 0.081845  0.00751295 -0.00178948  -0.0495772 -9.19827e-05 -0.000169952  0.000674019 -0.00413444  -0.0114858 0.000416889 0.00511339 0.00495342     -9.809 
               3.844  0.0315711 -0.0574525 -0.0360531 -0.00101969   -0.011295   0.0182642 36.8726       0       0   -0.011 -0.02329 0.081845 -0.00199336  0.00738719  -0.0496431 -0.000127651 -0.000226174  0.000636605 -0.00062028  -0.0113668  -0.0134727 0.00172765 0.00482986     -9.809 
               3.944  0.0373542 -0.0778152 -0.0403924  -0.001138 -0.0122687  0.0203423 36.8726       0       0   -0.011 -0.02329 0.081845 -0.00169956  0.00230709  -0.0458041  -0.00014207 -0.000199159  0.000615361 -0.000630278  -0.00956418   -0.0289913 0.00172358 0.00309186     -9.809 
               4.044  0.0328093 -0.0803395 -0.0409949 -0.00130467  -0.0108731   0.0174552 36.8726       0       0   -0.011 -0.02329 0.081845 -0.0025398 0.00969702 -0.0600667 -0.000113491 -0.000183069  0.000603718 -0.000751835   -0.0114106   -0.0341836 0.00183619 0.00486613     -9.809 
               4.144  0.0448102 -0.0926951 -0.0321534 -0.00204327  -0.0121394   0.0215281 36.8726       0       0   -0.011 -0.02329 0.081845 -0.00570935   0.0048323  -0.0437213 -0.000127093 -0.000181501   0.00057895 -0.000185731  -0.00885586   -0.0534626 0.00126944 0.00241034     -9.809 
               4.244  0.0616899 -0.0848249 -0.0400984 -0.00114041  -0.0138688   0.0249309 36.8726       0       0   -0.011 -0.02329 0.081845 0.000541384 -0.00318583  -0.0343814   -0.0001584 -0.000197978  0.000585652 -0.00206555 -0.00658391  -0.0673448  0.00305574 0.000225233      -9.809 
               4.344  0.0818031  -0.108693 -0.0406957 -0.000612214   -0.0120498    0.0218731 36.8726       0       0   -0.011 -0.02329 0.081845 0.00163815 0.00669601 -0.0501217  -0.00018816 -0.000193127   0.00057875 -0.00272855 -0.00919245  -0.0693836 0.00368991 0.00272886     -9.809 
               4.444  0.0259441   -0.11199 -0.0441647 8.88299e-05  -0.0121363   0.0210467 36.8726       0       0   -0.011 -0.02329 0.081845  0.0027018 0.00661754 -0.0523538 -0.000124346 -0.000184136  0.000565083 -0.00338207 -0.00854881  -0.0765611  0.0043051 0.00210506     -9.809 
               4.544  0.0522049 -0.0915883 -0.0368597 -0.000656106   -0.0141599    0.0254605 36.8726       0       0   -0.011 -0.02329 0.081845  -0.00244446 -0.000741346   -0.0347103  -0.00015658 -0.000190475  0.000534605 -0.00237655 -0.00639507  -0.0906853   0.0033142 2.58965e-05      -9.809 
               4.644  0.0505623  -0.095617 -0.0453143 -0.000382777   -0.0151791    0.0285414 36.8726       0       0   -0.011 -0.02329 0.081845 -0.00112381 -0.00194831  -0.0266017 -0.000152336 -0.000186212  0.000532589  -0.0029573 -0.00589457   -0.100209   0.00385535 -0.000463042       -9.809 
               4.744   0.039287 -0.0959561 -0.0439623 0.000754281  -0.0124961   0.0221815 36.8726       0       0   -0.011 -0.02329 0.081845 0.00526716  0.0116209 -0.0543056 -0.000143808 -0.000175679  0.000511122 -0.00407813 -0.00828587   -0.096743 0.00493789 0.00183248     -9.809 
               4.844  0.0108955  -0.136187 -0.0555536 0.00108466 -0.0131954  0.0214889 36.8726       0       0   -0.011 -0.02329 0.081845 0.00279554 0.00715855 -0.0525189 -0.000114584 -0.000102729  0.000506495 -0.00398097 -0.00682362   -0.103363   0.0048335 0.000424873      -9.809 
               4.944  0.0529358  -0.108512 -0.0373318 -0.000287804   -0.0136385    0.0252988 36.8726       0       0   -0.011 -0.02329 0.081845 -0.00470892  0.00516097  -0.0348147 -0.000169404 -0.000133684   0.00049909  -0.0026033 -0.00637227   -0.114861   0.00349674 -1.29982e-05       -9.809 
               5.044  0.0593181  -0.108854 -0.0387874 -0.000584715   -0.0162139    0.0297393 36.8726       0       0   -0.011 -0.02329 0.081845 -0.00558268 -0.00488473  -0.0204503 -0.000146537 -0.000137434  0.000503494 -0.00279155 -0.00424786   -0.124409  0.00365833 -0.00205326      -9.809 
               5.144  0.0339666 -0.0996951 -0.0417083 -0.00151067  -0.0137665   0.0256436 36.8726       0       0   -0.011 -0.02329 0.081845 -0.0098777  0.0108497 -0.0399941  -0.00011408 -0.000143847  0.000497259  -0.0027627 -0.00620706    -0.12308   0.00363463 -0.000176267       -9.809 
               5.244  0.0204211  -0.142553 -0.0511283 0.000195261  -0.0149242   0.0253169 36.8726       0       0   -0.011 -0.02329 0.081845 -0.00125275  0.00463087  -0.0400383 -0.000127074 -0.000107817  0.000492824 -0.00487883 -0.00468198   -0.127618  0.00564993 -0.00164426      -9.809 
               5.344   0.042462   -0.10177 -0.0321394 -0.000392362   -0.0134254    0.0258073 36.8726       0       0   -0.011 -0.02329 0.081845 -0.0034607  0.0109405 -0.0358911    -0.00016 -0.00015443 0.000468756 -0.00457683 -0.00565049   -0.132994   0.00535216 -0.000722653       -9.809 
               5.444  0.0816843 -0.0921281 -0.0322035 -0.000983294   -0.0153671    0.0299027 36.8726       0       0   -0.011 -0.02329 0.081845 -0.00637631   0.0022114  -0.0213375 -0.000177657 -0.000162711  0.000457816 -0.00442585 -0.00388942   -0.141066  0.00518909 -0.00241279      -9.809 
               5.544  0.0378236  -0.119497 -0.0565562 0.000473715   -0.014248   0.0281553 36.8726       0       0   -0.011 -0.02329 0.081845 0.00190661 0.00974494 -0.0311823 -0.000125133 -0.000133654  0.000496484 -0.00590789 -0.00440558   -0.142038  0.00660447 -0.00192268      -9.809 
               5.644 0.0217313 -0.136972 -0.062389 0.000979771   -0.015277   0.0286938 36.8726       0       0   -0.011 -0.02329 0.081845 -0.000434429    0.0055228   -0.0298001 -0.000122751 -0.000113667  0.000480054  -0.0062904 -0.00319128   -0.145847  0.00696301 -0.00308985      -9.809 
               5.744  0.0652522 -0.0917248 -0.0330276 -0.000529457   -0.0131623    0.0270139 36.8726       0       0   -0.011 -0.02329 0.081845 -0.00732318   0.0146672  -0.0359013 -0.000180332 -0.000187757  0.000473136 -0.00543946 -0.00419062   -0.147621  0.00614976 -0.00213721      -9.809 
               5.844  0.0652408  -0.102834 -0.0388417 -0.000541864   -0.0156176    0.0301932 36.8726       0       0   -0.011 -0.02329 0.081845 -0.00340797  0.00239067  -0.0235265 -0.000197593 -0.000172111  0.000463319 -0.00584726 -0.00206746   -0.153972  0.00652492 -0.00417307      -9.809 
               5.944  0.0752467   -0.08756 -0.0441194 0.000179397  -0.0133817   0.0286184 36.8726       0       0   -0.011 -0.02329 0.081845 0.000847406   0.0111931  -0.0304489 -0.000216448 -0.000172096  0.000471104 -0.00651635 -0.00336692   -0.155251  0.00716328 -0.00293725      -9.809 
               6.044    0.03795   -0.12994 -0.0566635 0.000671395  -0.0163058   0.0316181 36.8726       0       0   -0.011 -0.02329 0.081845 0.00142994 -0.0022207 -0.0201779 -0.000146312  -0.00013834  0.000475847 -0.00677238 -0.00118232   -0.160741  0.00739789 -0.00503148      -9.809 
               6.144  0.0578993  -0.119201 -0.0478156  0.0011385 -0.0150168  0.0291416 36.8726       0       0   -0.011 -0.02329 0.081845  0.00198246 0.000713244  -0.0308326 -0.000189188 -0.000147502  0.000456929  -0.0069511 -0.00221738    -0.16088  0.00757004 -0.00404651      -9.809 
               6.244 0.0646796 -0.107767 -0.038212 0.000247851  -0.0175527   0.0323345 36.8726       0       0   -0.011 -0.02329 0.081845 -0.00257164 -0.00781245  -0.0190471 -0.000182485 -0.000160544  0.000446582  -0.00632669 -0.000952001    -0.166641  0.00696641 -0.00526283      -9.809 
               6.344  0.0571108  -0.101501 -0.0434905 -1.7721e-05  -0.0151567   0.0288144 36.8726       0       0   -0.011 -0.02329 0.081845 -0.00256832  0.00474331  -0.0331502 -0.000180653 -0.000146346  0.000440422 -0.00635951 -0.00265936   -0.165855 0.00700254 -0.0036367     -9.809 
               6.444  0.0391423  -0.132578 -0.0557285 0.00108517 -0.0159801  0.0311741 36.8726       0       0   -0.011 -0.02329 0.081845  0.00104625 0.000875081   -0.022075 -0.000155605 -0.000101896  0.000459788 -0.00710526 -0.00216745   -0.170611  0.00770567 -0.00411841      -9.809 
               6.544   0.020057  -0.082614 -0.0686697  0.0011619 -0.0143192  0.0281078 36.8726       0       0   -0.011 -0.02329 0.081845 0.00146053 0.00767747 -0.0334872 -0.000144088 -0.000154528  0.000483691 -0.0070841  -0.002963  -0.170384  0.00768748 -0.00336192      -9.809 
               6.644  0.0626958  -0.110049 -0.0464823 0.000757302  -0.0166382   0.0315216 36.8726       0       0   -0.011 -0.02329 0.081845 -4.6896e-05  -0.0048155  -0.0190395 -0.000171514  -0.00011496  0.000463756 -0.00672832 -0.00173697   -0.175911 0.00734128 -0.0045357     -9.809 
               6.744  0.0623601  -0.114839 -0.0481766 0.000440167  -0.0161622   0.0315432 36.8726       0       0   -0.011 -0.02329 0.081845 -0.00473145 -0.00237536  -0.0196612  -0.00017613 -0.000103354  0.000451313 -0.00671929 -0.00239807   -0.177721   0.0073336 -0.00391125      -9.809 
               6.844  0.0311939  -0.136042 -0.0697782 0.000808938  -0.0158518   0.0303275 36.8726       0       0   -0.011 -0.02329 0.081845  -0.0021491 0.000793476  -0.0249347 -0.000158447  -8.5817e-05  0.000460267 -0.00713957 -0.00267619   -0.178571  0.00773236 -0.00365044      -9.809 
               6.944  0.0489699  -0.119634 -0.0501297 0.000197269  -0.0142226   0.0283805 36.8726       0       0   -0.011 -0.02329 0.081845 -0.00377303  0.00742589  -0.0306682 -0.000180519 -0.000103634  0.000444369 -0.00698396 -0.00339508   -0.179285  0.00758609 -0.00297032      -9.809 
               7.044  0.0760181 -0.0875441 -0.0385353 -0.00042462    -0.01658   0.0324765 36.8726       0       0   -0.011 -0.02329 0.081845 -0.00484106   -0.003157  -0.0142884 -0.000202137 -0.000140283  0.000426241 -0.00686351 -0.00228003   -0.184172  0.00746166 -0.00403401      -9.809 
               7.144  0.0698069  -0.120047 -0.0501574 0.000590147  -0.0169607    0.034218 36.8726       0       0   -0.011 -0.02329 0.081845 0.000563923 -0.00212975  -0.0108239 -0.000196073 -0.000116678  0.000454063 -0.00751824 -0.00239482   -0.186474 0.00807773 -0.0039315     -9.809 
               7.244  0.0578884  -0.109327 -0.0506156 0.00109553 -0.0151701  0.0300498 36.8726       0       0   -0.011 -0.02329 0.081845 0.00206151 0.00576142  -0.028779 -0.000172425 -0.000122422  0.000453644 -0.00772445  -0.0031323   -0.184848  0.00827572 -0.00323081      -9.809 
               7.344  0.0556687  -0.121716 -0.0496765 0.000825718  -0.0140869   0.0282871 36.8726       0       0   -0.011 -0.02329 0.081845 -5.24942e-05   0.00832594   -0.0323551 -0.000157649 -0.000100264  0.000467055 -0.00755459 -0.00337564   -0.185819  0.00811484 -0.00300358      -9.809 
               7.444  0.0778288  -0.113971 -0.0476377 0.000635851  -0.0158904   0.0317159 36.8726       0       0   -0.011 -0.02329 0.081845   -0.0012266 -0.000192556   -0.0171959 -0.000170951 -8.45606e-05  0.000470302 -0.00748875 -0.00251847   -0.190106  0.00804763 -0.00382427      -9.809 
               7.544  0.0924891  -0.107279 -0.0350217 0.000912889  -0.0171989    0.034492 36.8726       0       0   -0.011 -0.02329 0.081845   -0.000414 -0.00303463 -0.00875402 -0.000189291  -7.7936e-05  0.000444427 -0.00765745 -0.00216054   -0.193054 0.00820393 -0.0041704     -9.809 
               7.644  0.0528797  -0.114043 -0.0547029 0.00157549 -0.0153051  0.0313683 36.8726       0       0   -0.011 -0.02329 0.081845 0.00214786 0.00545796 -0.0230051 -0.000125019 -7.11553e-05  0.000461562 -0.00795738 -0.00299344   -0.191983  0.00848877 -0.00338314      -9.809 
               7.744  0.0344988  -0.124873 -0.0483856 0.000975026  -0.0150184   0.0303944 36.8726       0       0   -0.011 -0.02329 0.081845 -0.00157695  0.00546328  -0.0255124 -0.000122357 -6.03069e-05  0.000448831 -0.00765907 -0.00291867   -0.193005  0.00820731 -0.00345661      -9.809 
               7.844  0.0685207 -0.0814883 -0.0328409 -0.000379721   -0.0161999    0.0316063 36.8726       0       0   -0.011 -0.02329 0.081845  -0.00603609 -0.000276318   -0.0199939 -0.000167331 -9.72729e-05  0.000447723 -0.00717559 -0.00236117   -0.195416   0.0077498 -0.00398696      -9.809 
               7.944  0.0703391 -0.0955802 -0.0331691 -0.000106216   -0.0178905    0.0351779 36.8726       0       0   -0.011 -0.02329 0.081845 -0.00278808 -0.00511089 -0.00760154 -0.000168818 -7.97511e-05  0.000467504 -0.00750656 -0.00189113   -0.198841 0.00805734 -0.0044371     -9.809 
               8.044  0.0525857  -0.120637 -0.0492258 0.00163662 -0.0155105  0.0314629 36.8726       0       0   -0.011 -0.02329 0.081845 0.00469143 0.00626777 -0.0235093 -0.000142169  -4.1194e-05  0.000468843 -0.00831437 -0.00293449   -0.197436  0.00881671 -0.00345505      -9.809 
               8.144  0.0721808  -0.112396 -0.0444764 0.00082564 -0.0171423  0.0330434 36.8726       0       0   -0.011 -0.02329 0.081845 -0.00090465 -0.00181557  -0.0167144 -0.000159125 -3.33963e-05   0.00046921 -0.00784426 -0.00220479   -0.199795  0.00837517 -0.00414512      -9.809 
               8.244  0.0869809  -0.108099 -0.0434911 0.000899431  -0.0170486   0.0350845 36.8726       0       0   -0.011 -0.02329 0.081845 -0.000370808  6.55762e-05   -0.0102354 -0.000164766 -2.22088e-05  0.000488159  -0.0079169 -0.00243165    -0.20209  0.00844334 -0.00393936      -9.809 
               8.344  0.0596315  -0.138143 -0.0541199 0.00122533 -0.0161031  0.0316706 36.8726       0       0   -0.011 -0.02329 0.081845 0.000421805  0.00329739  -0.0246453 -0.000148191  6.11844e-06  0.000499331 -0.00807466 -0.00271209   -0.200968  0.00859167 -0.00367349      -9.809 
               8.444  0.0481215  -0.136788 -0.0563184 0.00204884 -0.0153466  0.0303467 36.8726       0       0   -0.011 -0.02329 0.081845 0.00314152 0.00621728 -0.0266742 -0.000120795  9.79591e-06  0.000490041  -0.0083604 -0.00288574   -0.201796   0.0088586 -0.00351482      -9.809 
               8.544  0.0780742  -0.106452 -0.0459555 0.00116536 -0.0165257  0.0331129 36.8726       0       0   -0.011 -0.02329 0.081845 -0.00166713 0.000751496  -0.0140503 -0.000135645 -1.79757e-05  0.000451008 -0.00794479  -0.0023991   -0.204811  0.00846568 -0.00397872      -9.809 
               8.644  0.0904476  -0.111789 -0.0485341 0.00060179 -0.0177841  0.0361259 36.8726       0       0   -0.011 -0.02329 0.081845 -0.00360489 -0.00328676 -0.00504678 -0.000160441   -3.009e-05  0.000444682 -0.00780857  -0.0020758   -0.207266  0.00833393 -0.00428798      -9.809 
               8.744  0.0873092  -0.118166 -0.0510336 0.00192812 -0.0166673  0.0329764 36.8726       0       0   -0.011 -0.02329 0.081845   0.002509 0.00229825  -0.019659 -0.000153249 -2.74362e-05  0.000447749 -0.00838021 -0.00250421   -0.206096  0.00886983 -0.00388665      -9.809 
               8.844  0.0719742  -0.114326 -0.0484703 0.00128689 -0.0155791  0.0310984 36.8726       0       0   -0.011 -0.02329 0.081845 -0.00119923  0.00577873  -0.0252574 -0.000127103 -2.86181e-05  0.000437889 -0.00810353 -0.00278276   -0.206333  0.00861284 -0.00362738      -9.809 
               8.944  0.0940539  -0.102029 -0.0356581 0.000215233  -0.0166938   0.0325673 36.8726       0       0   -0.011 -0.02329 0.081845 -0.00527807 0.000479685   -0.017686   -0.0001377 -3.75824e-05  0.000416676 -0.00780179   -0.002332   -0.208444  0.00832851 -0.00405468      -9.809 
               9.044  0.0944729  -0.112501 -0.0487671 0.000478131  -0.0187506   0.0357801 36.8726       0       0   -0.011 -0.02329 0.081845 -0.00297953 -0.00633752 -0.00629712 -0.000149745 -1.09767e-05  0.000429109 -0.00805585  -0.0017994   -0.210962  0.00856119 -0.00456135      -9.809 
               9.144  0.0861974 -0.0968841 -0.0470794 0.00117306 -0.0163403  0.0325971 36.8726       0       0   -0.011 -0.02329 0.081845 0.00111082 0.00542177 -0.0197668 -0.000154312 -2.41684e-05  0.000424181 -0.00838038 -0.00271479    -0.20997  0.00886445 -0.00370797      -9.809 
               9.244 0.0700158 -0.142086 -0.061604 0.00238213 -0.0166351  0.0334892 36.8726       0       0   -0.011 -0.02329 0.081845 0.00315068 0.00551558  -0.015756 -0.00013906  2.7669e-05 0.000421331 -0.00879299 -0.00247884   -0.211526 0.0092463 -0.003935  -9.80899 
               9.344  0.0965476 -0.0929654 -0.0339213 0.000742477  -0.0160419   0.0327711 36.8726       0       0   -0.011 -0.02329 0.081845 -0.00413051   0.0056641  -0.0184489 -0.000157865 -1.23513e-05   0.00038967 -0.00817955 -0.00250972   -0.212083  0.00867823 -0.00390735      -9.809 
               9.444    0.10988 -0.0987386 -0.0420493 0.00027495 -0.0179242  0.0359699 36.8726       0       0   -0.011 -0.02329 0.081845 -0.00473797 -0.00288432 -0.00649048 -0.000169862 -8.49356e-06  0.000395821 -0.00816293 -0.00189592   -0.214496  0.00866039 -0.00448565      -9.809 
               9.544  0.0918239  -0.112846 -0.0535325 0.00145595 -0.0166687  0.0343809 36.8726       0       0   -0.011 -0.02329 0.081845 0.00139898 0.00331873 -0.0144623 -0.000152892  1.47438e-05  0.000389525 -0.00864442  -0.0023278   -0.214244  0.00910609 -0.00408673    -9.80899 
               9.644   0.071734  -0.131988 -0.0624599  0.0020201 -0.0171963  0.0348135 36.8726       0       0   -0.011 -0.02329 0.081845  0.00251072 0.000977261  -0.0132405 -0.000128714  2.84951e-05  0.000387972 -0.00877018 -0.00212468   -0.215175  0.00922175 -0.00427952    -9.80899 
               9.744   0.105079 -0.0899181 -0.0360992 0.000900821  -0.0158045   0.0318706 36.8726       0       0   -0.011 -0.02329 0.081845 -0.00242042  0.00542993  -0.0239385   -0.0001621 -1.20477e-05  0.000363912 -0.00839241 -0.00245426   -0.214623  0.0088747 -0.0039717     -9.809 
               9.844   0.114391 -0.0995377 -0.0373976 0.000689548  -0.0181783   0.0357242 36.8726       0       0   -0.011 -0.02329 0.081845 -0.00145226 -0.00583374 -0.00777155 -0.000166067 -2.01832e-05  0.000361206  -0.0083941 -0.00178542   -0.217378  0.00887252 -0.00460123    -9.80899 
               9.944   0.118258 -0.0930254 -0.0376198 0.000856347   -0.016858   0.0339632 36.8726       0       0   -0.011 -0.02329 0.081845 0.000923186 0.000360714  -0.0154818 -0.000155931 -1.89379e-05  0.000353592 -0.00845847 -0.00233549   -0.217129  0.00893287 -0.00409456      -9.809 
              10.044  0.0935123  -0.121586 -0.0535344 0.00150106 -0.0180193  0.0349134 36.8726       0       0   -0.011 -0.02329 0.081845   0.0022471 -0.00356071   -0.011977 -0.000147205  1.37341e-05  0.000361915 -0.00862271 -0.00206942   -0.218279  0.00908319 -0.00434619    -9.80899 
              10.144  0.0976151  -0.104217 -0.0472419  0.0014583 -0.0159223  0.0325956 36.8726       0       0   -0.011 -0.02329 0.081845 0.000395462   0.0076686  -0.0202901 -0.000147586 -7.43202e-06  0.000344732 -0.00857931 -0.00269833   -0.217985 0.00904422 -0.0037679     -9.809 
              10.244    0.10709  -0.118764 -0.0442266 0.000750548  -0.0189837   0.0377029 36.8726       0       0   -0.011 -0.02329 0.081845 -0.00329514 -0.00522739 -0.00114137 -0.000142372  2.04591e-05  0.000339339 -0.00837506 -0.00179353   -0.221081  0.00885506 -0.00461483    -9.80899 
              10.344   0.117496  -0.117004 -0.0505163 0.000926002  -0.0175487   0.0359188 36.8726       0       0   -0.011 -0.02329 0.081845 -0.00133322  0.00216835   -0.011172 -0.000164702  1.67589e-05  0.000343045 -0.00851983  -0.0023017   -0.220533  0.00898851 -0.00414715      -9.809 
              10.444  0.0858408  -0.133282 -0.0674632  0.0021794 -0.0181656  0.0344419 36.8726       0       0   -0.011 -0.02329 0.081845  0.00479664 -0.00274376  -0.0170913 -0.000136145   3.9212e-05   0.00036031 -0.00884599 -0.00213009   -0.220455  0.00928608 -0.00430407    -9.80899 
              10.544 0.0998328 -0.124716  -0.05662 0.00270177 -0.0159009   0.032657 36.8726       0       0   -0.011 -0.02329 0.081845 0.00540828 0.00745692 -0.0210179  -0.0001476 3.11051e-05 0.000353342 -0.00886872 -0.00279368   -0.220587  0.00930841 -0.00369996    -9.80899 
              10.644   0.125843  -0.108565 -0.0512099 0.00101583 -0.0195322  0.0377337 36.8726       0       0   -0.011 -0.02329 0.081845 -0.00382291 -0.00802235 -0.00155271  -0.0001514 1.89728e-05 0.000342572 -0.00830411 -0.00180586   -0.223466  0.00878701 -0.00461356    -9.80899 
              10.744   0.122966  -0.111248 -0.0485761 0.00064057 -0.0191152   0.038659 36.8726       0       0   -0.011 -0.02329 0.081845 -0.00444395 -0.00212324 -0.00176583 -0.000151591  1.53451e-06  0.000342681 -0.00831836 -0.00215498   -0.224034  0.00880059 -0.00429979      -9.809 
              10.844  0.0861167  -0.122365 -0.0736409 0.00167761 -0.0172953  0.0341441 36.8726       0       0   -0.011 -0.02329 0.081845 0.00124829 0.00497288  -0.020379 -0.000123099  1.92987e-05   0.00035159 -0.00870406 -0.00260677   -0.222432  0.00915436 -0.00387976    -9.80899 
              10.944   0.104949  -0.111761 -0.0544081 0.00111038 -0.0149969  0.0308393 36.8726       0       0   -0.011 -0.02329 0.081845 -0.00220436   0.0131292   -0.028851  -0.00013073 -9.60707e-06  0.000340052 -0.00856219  -0.0030093   -0.222056  0.00902754 -0.00351159      -9.809 
              11.044    0.13633 -0.0892594 -0.0345502 0.000768774  -0.0184536   0.0361619 36.8726       0       0   -0.011 -0.02329 0.081845  0.00114875 -0.00889487 -0.00598899 -0.000163957 -3.18039e-05  0.000320428 -0.00841669 -0.00202779   -0.225512 0.00888846 -0.0044221   -9.80899 
              11.144   0.120158  -0.122094 -0.0495722 0.00105376 -0.0191531   0.037976 36.8726       0       0   -0.011 -0.02329 0.081845   0.0013117 -0.00722714 -0.00184302 -0.000130253   3.4054e-07  0.000327067 -0.00847932 -0.00212078   -0.226602  0.00894446 -0.00434505    -9.80899 
              11.244   0.108672  -0.117018 -0.0568725 0.00173361 -0.0162402  0.0328493 36.8726       0       0   -0.011 -0.02329 0.081845 0.000925842  0.00935225  -0.0230282 -0.000121391 -8.56234e-07  0.000343177 -0.00864631 -0.00287546    -0.22486  0.00909715 -0.00365132      -9.809 
              11.344  0.0947122  -0.124897 -0.0555741 0.00138194 -0.0151509  0.0312163 36.8726       0       0   -0.011 -0.02329 0.081845 -0.00115284   0.0107105  -0.0250622 -0.000105794  8.92033e-06  0.000350286 -0.00855542 -0.00291284   -0.225194  0.00901508 -0.00361999      -9.809 
              11.444   0.134038  -0.109188 -0.0488185 0.000746095  -0.0172848   0.0360583 36.8726       0       0   -0.011 -0.02329 0.081845  -0.00326119 -0.000420664   -0.0047154 -0.000132356 -1.39635e-05  0.000341081 -0.00842874 -0.00231936   -0.227851  0.00889869 -0.00417289      -9.809 
              11.544   0.141428 -0.0966627 -0.0383532 0.000438799  -0.0188722   0.0387842 36.8726       0       0   -0.011 -0.02329 0.081845 -0.00432411 -0.00452927  0.00191308 -0.000131135 -3.78838e-05   0.00033506 -0.00845907 -0.00198677   -0.229006  0.00892431 -0.00447978    -9.80899 
              11.644  0.114047 -0.113588  -0.05667 0.00151624 -0.0169622    0.03439 36.8726       0       0   -0.011 -0.02329 0.081845 -0.00100907  0.00808028  -0.0179318 -0.000112407 -3.81438e-05  0.000357461 -0.00883218 -0.00238775   -0.227519  0.00926114 -0.00410938    -9.80899 
              11.744  0.0943562  -0.130314 -0.0585771  0.0020809 -0.0155803  0.0326299 36.8726       0       0   -0.011 -0.02329 0.081845 0.00395842  0.0132602 -0.0222638 -0.000109057 -3.63874e-05  0.000351056 -0.00893889 -0.00247408   -0.227627 0.00935685 -0.0040331   -9.80899 
              11.844   0.129966 -0.0975413 -0.0421674 0.00126798 -0.0166651  0.0349348 36.8726       0       0   -0.011 -0.02329 0.081845 -0.0033658 0.00870751 -0.0114162 -0.000132343 -4.38836e-05  0.000348067  -0.0086938 -0.00198891   -0.229218 0.00913538 -0.0044779   -9.80899 
              11.944    0.13736  -0.117018 -0.0510023 0.000104259  -0.0193279   0.0402324 36.8726       0       0   -0.011 -0.02329 0.081845 -0.00719489 -0.00373376  0.00612591 -0.000147624 -3.10539e-05  0.000361067 -0.00850841 -0.00132729   -0.231428  0.00896731 -0.00508332    -9.80899 
              12.044   0.120118  -0.112647 -0.0524157 0.00159293 -0.0162899  0.0347095 36.8726       0       0   -0.011 -0.02329 0.081845 0.00161279 0.00813083 -0.0181507 -0.000124987 -5.11388e-05  0.000367851  -0.0089885 -0.00197308   -0.229484  0.00939714 -0.00449428    -9.80899 
              12.144   0.130182  -0.126039 -0.0600557 0.00165388 -0.0188439  0.0377322 36.8726       0       0   -0.011 -0.02329 0.081845 0.000763027 -0.00361629 -0.00615312 -0.000125766 -2.71802e-05  0.000366409  -0.0089595 -0.00131507   -0.231156  0.00936919 -0.00509349    -9.80899 
              12.244   0.150779  -0.108291 -0.0451991 0.000497152  -0.0186349   0.0380697 36.8726       0       0   -0.011 -0.02329 0.081845 -0.00402577 -0.00134962 -0.00655921 -0.000143937 -3.07118e-05  0.000348455 -0.00870181  -0.0014565   -0.231574  0.00914037 -0.00497051    -9.80899 
              12.344    0.12593  -0.118043 -0.0578379 0.00144931 -0.0168193  0.0334043 36.8726       0       0   -0.011 -0.02329 0.081845 0.00139832 0.00481596 -0.0238924 -0.000118385 -3.26518e-05  0.000357177 -0.00900142 -0.00182877    -0.23029  0.00940848 -0.00462972    -9.80899 
              12.444   0.104204  -0.128294 -0.0501932 0.00215653 -0.0158177  0.0315259 36.8726       0       0   -0.011 -0.02329 0.081845 0.00924502 -0.0016701 -0.0252255 -8.86144e-05 -2.22209e-05   0.00035305 -0.00912255 -0.00198006   -0.230558  0.00951628 -0.00449887    -9.80899 
              12.544  0.129089 -0.114253 -0.049862 0.00271425 -0.0188987  0.0365062 36.8726       0       0   -0.011 -0.02329 0.081845  0.00905659   -0.010279 -0.00367942 -0.000108138 -2.86494e-05   0.00034146 -0.00903675 -0.00147697   -0.233158  0.00943629 -0.00496727    -9.80899 
              12.644    0.13294  -0.115384 -0.0561698 0.00110035 -0.0199913  0.0395052 36.8726       0       0   -0.011 -0.02329 0.081845 -0.00116375  -0.0107803  0.00418362 -0.000101766 -2.31427e-05  0.000346396 -0.00851683 -0.00153302    -0.23437  0.00897604 -0.00492589    -9.80899 
              12.744  0.0969732  -0.128687 -0.0581809 0.00260924 -0.0183582  0.0343811 36.8726       0       0   -0.011 -0.02329 0.081845  0.00471476 -0.00114045  -0.0174797  -5.5841e-05 -8.20479e-06  0.000345918 -0.00888198  -0.0020291   -0.232597  0.00930131 -0.00447451    -9.80899 
              12.844   0.107683  -0.126193 -0.0572962 0.00231344 -0.0169861  0.0324851 36.8726       0       0   -0.011 -0.02329 0.081845 0.00400546 0.00155925 -0.0208058  -5.1515e-05 -9.18895e-06  0.000362553 -0.00869945  -0.0023932   -0.232643  0.00914185 -0.00415364    -9.80899 
              12.944   0.146101 -0.0941387 -0.0373507 0.000565202  -0.0177624   0.0359367 36.8726       0       0   -0.011 -0.02329 0.081845  -0.0040655 -0.00151375 -0.00497798 -7.94789e-05 -2.78385e-05  0.000369446 -0.00825586 -0.00229235    -0.23452   0.0087491 -0.00425482      -9.809 
              13.044   0.138029  -0.125156 -0.0498291 0.000985165  -0.0205804   0.0399561 36.8726       0       0   -0.011 -0.02329 0.081845 -0.000948306    -0.010976   0.00645959 -6.32611e-05 -4.12012e-06  0.000366298 -0.00842329 -0.00181225   -0.235978 0.00889367 -0.0046871   -9.80899 
              13.144   0.128674  -0.108986 -0.0501429 0.00201662 -0.0173296  0.0354495 36.8726       0       0   -0.011 -0.02329 0.081845 0.00335944 0.00415412 -0.0128519 -6.17642e-05 -2.38202e-05  0.000371578 -0.00865799 -0.00264012   -0.234479  0.00910135 -0.00395042    -9.80899 
              13.244  0.0905353  -0.153578 -0.0692417  0.0027551 -0.0173572  0.0344201 36.8726       0       0   -0.011 -0.02329 0.081845 0.00426689 0.00352901 -0.0156404 -2.86945e-05  1.14782e-05  0.000381209 -0.00875013 -0.00253924   -0.234611  0.00918166 -0.00403993    -9.80899 
              13.344   0.126119  -0.115367 -0.0493394 0.00197616 -0.0173278  0.0346638 36.8726       0       0   -0.011 -0.02329 0.081845  0.00145969 0.000584019  -0.0129136 -4.24924e-05 -3.75024e-05  0.000379436 -0.00846915 -0.00253727   -0.235263  0.00893545 -0.00404587      -9.809 
              13.444   0.142129  -0.106325 -0.0485719 0.00103065 -0.0197155  0.0384623 36.8726       0       0   -0.011 -0.02329 0.081845  -0.0026889 -0.00801206 0.000699851 -4.67873e-05 -4.91655e-05  0.000376363 -0.00823737 -0.00210726   -0.236942  0.00872806 -0.00443147      -9.809 
              13.544  0.121952 -0.117879 -0.055375  0.0015236 -0.0176378  0.0363819 36.8726       0       0   -0.011 -0.02329 0.081845 0.000127295  0.00300657 -0.00898551 -3.34254e-05 -2.92787e-05  0.000402146 -0.00840572 -0.00267654   -0.236369  0.00887741 -0.00393264      -9.809 
              13.644   0.108341  -0.155158 -0.0733341 0.00252367 -0.0178123  0.0366866 36.8726       0       0   -0.011 -0.02329 0.081845  0.00893021 -0.00642952 -0.00756302 -1.42062e-05  1.62343e-06  0.000423865 -0.00860422  -0.0026162   -0.236806 0.00904908  -0.003989     -9.809 
              13.744   0.129096  -0.105808 -0.0421829 0.00235156 -0.0179599   0.034587 36.8726       0       0   -0.011 -0.02329 0.081845  0.00624585 -0.00377444  -0.0155593 -4.03896e-05 -3.72182e-05   0.00041657 -0.00837401  -0.0026794    -0.23645  0.00885019 -0.00393081      -9.809 
              13.848   0.141037  -0.124675 -0.0497529 0.00189916 -0.0203614  0.0386108 36.8726       0       0   -0.011 -0.02329 0.081845   0.00147174   -0.0102264 -1.29049e-05 -5.92303e-05 -6.82176e-06  0.000421369 -0.00817675 -0.00238095   -0.238201   0.0086754 -0.00420139      -9.809 
              13.944   0.138896   -0.11117 -0.0448216 0.00108846 -0.0188135  0.0373866 36.8726       0       0   -0.011 -0.02329 0.081845 -0.00453257  0.00281868 -0.00690585 -6.41981e-05 -1.47247e-05  0.000413807 -0.00803222 -0.00282798   -0.237931  0.00855171 -0.00381293      -9.809 
              14.044   0.11588 -0.133331 -0.059788 0.00140466 -0.0177145  0.0358929 36.8726       0       0   -0.011 -0.02329 0.081845 -0.00228064  0.00652517  -0.0126099  -6.2878e-05 -4.45882e-06  0.000422452 -0.00820235 -0.00298437   -0.237749  0.00869892 -0.00367691      -9.809 
              14.144   0.121673  -0.113778 -0.0505266  0.0017626 -0.0163104  0.0341538 36.8726       0       0   -0.011 -0.02329 0.081845 -7.10903e-05   0.00995398   -0.0172122 -4.86605e-05 -1.09632e-05  0.000428207 -0.00831707 -0.00312084   -0.237662  0.00879801 -0.00355896      -9.809 
              14.244   0.141397   -0.12182 -0.0454787 0.00102595 -0.0199263  0.0394809 36.8726       0       0   -0.011 -0.02329 0.081845 -0.00363838  -0.0074859  0.00355644 -6.35294e-05  4.39137e-06  0.000428643 -0.00818806  -0.0023656   -0.239711  0.00868298 -0.00422365      -9.809 
              14.344   0.116238  -0.119086 -0.0549783 0.000967737  -0.0185964   0.0378986 36.8726       0       0   -0.011 -0.02329 0.081845 -0.00261805 -5.9643e-06 -0.00557021 -3.56439e-05  -6.0589e-06  0.000430636 -0.00824558  -0.0027192   -0.239254  0.00873331 -0.00391691      -9.809 
              14.444  0.0945791  -0.140611 -0.0666759 0.00209692 -0.0175565  0.0353487 36.8726       0       0   -0.011 -0.02329 0.081845 0.00203194 0.00429375 -0.0151947 -1.51139e-05 -3.06133e-06  0.000432176 -0.00849167 -0.00287557   -0.238762  0.00894491 -0.00377944      -9.809 
              14.544  0.105455  -0.12786 -0.059413 0.00230789 -0.0162556   0.033903 36.8726       0       0   -0.011 -0.02329 0.081845 0.00147647 0.00798994 -0.0176496 -3.46454e-05 -1.74567e-05  0.000422697 -0.00850145 -0.00303879   -0.238845  0.00895356 -0.00364068      -9.809 
              14.648   0.122028  -0.131714 -0.0593676 0.00148964  -0.020717  0.0403096 36.8726       0       0   -0.011 -0.02329 0.081845 -0.00331459  -0.0101232  0.00616561 -5.28856e-05 -1.36293e-05  0.000417339 -0.00832326 -0.00220664   -0.241097  0.00879212 -0.00436213      -9.809 
              14.744  0.142544 -0.106651 -0.043554 0.000464626  -0.0203816   0.0410023 36.8726       0       0   -0.011 -0.02329 0.081845  -0.0058282 -0.00508981  0.00394347 -8.45514e-05 -2.93277e-05  0.000383042 -0.00819935 -0.00245178   -0.241197 0.00868759 -0.0041534     -9.809 
              14.844   0.113752  -0.137495 -0.0695746 0.00168831 -0.0172172  0.0356048 36.8726       0       0   -0.011 -0.02329 0.081845 0.000845073  0.00856581  -0.0179741 -7.36774e-05   6.4817e-06  0.000430828 -0.00852606 -0.00302331   -0.239718  0.00897159 -0.00366118      -9.809 
              14.944   0.110297  -0.125382 -0.0595937  0.0015929 -0.0153826   0.031839 36.8726       0       0   -0.011 -0.02329 0.081845 -0.000285419    0.0123618   -0.0277761 -8.51033e-05  1.98896e-05  0.000427424 -0.00850203  -0.0031668   -0.239232  0.00895265 -0.00353621      -9.809 
              15.044     0.1466  -0.105287 -0.0446863 0.00127066 -0.0194025  0.0379665 36.8726       0       0   -0.011 -0.02329 0.081845 -0.00192897 -0.00580356 -0.00150588 -0.000118014  2.20583e-05  0.000419642 -0.00843744 -0.00234494   -0.241683  0.00889199 -0.00424667      -9.809 
              15.144   0.128814   -0.14022 -0.0632671 0.00134703  -0.020512  0.0407724 36.8726       0       0   -0.011 -0.02329 0.081845 -0.00166832 -0.00707465  0.00580995 -0.000119881  4.74334e-05  0.000441617 -0.00849928 -0.00230233   -0.242549  0.0089436 -0.0042884   -9.80899 
              15.244    0.12736  -0.122293 -0.0653503 0.00185083  -0.017134  0.0346817 36.8726       0       0   -0.011 -0.02329 0.081845 0.00112613  0.0074671 -0.0189584 -9.73042e-05  2.23195e-05  0.000456361 -0.00862274 -0.00292873   -0.240821  0.00904949 -0.00374851      -9.809 
              15.344   0.122334  -0.123489 -0.0533884 0.00155253 -0.0157173  0.0322647 36.8726       0       0   -0.011 -0.02329 0.081845 -0.000793534    0.0103112   -0.0234018 -8.87639e-05   3.9351e-05  0.000463122 -0.00855796 -0.00303685   -0.240727  0.00899534 -0.00365672      -9.809 
              15.444   0.163297 -0.0908409 -0.0417154 0.000172287  -0.0179432   0.0364815 36.8726       0       0   -0.011 -0.02329 0.081845  -0.00562288 -0.000958526  -0.00480721 -0.000127333  1.61808e-05  0.000441789 -0.00831235 -0.00255055   -0.242562  0.00878555 -0.00407927      -9.809 
              15.544   0.169798  -0.108552 -0.0432353 0.00122026  -0.019694  0.0392897 36.8726       0       0   -0.011 -0.02329 0.081845 -8.33509e-05  -0.00641798   0.00343648 -0.000139363  3.60195e-05  0.000448501 -0.00860226 -0.00231615   -0.243484  0.00902692 -0.00428421    -9.80899 
              15.644    0.15361  -0.122829 -0.0564886 0.00258959 -0.0176339  0.0352307 36.8726       0       0   -0.011 -0.02329 0.081845 0.00469911 0.00307655 -0.0134392 -0.000136552  5.07097e-05  0.000463813 -0.00886037 -0.00274221   -0.242345  0.00924329 -0.00391721    -9.80899 
              15.744   0.123689  -0.132946 -0.0591949 0.00272962 -0.0169371  0.0335916 36.8726       0       0   -0.011 -0.02329 0.081845  0.0026898 0.00527096 -0.0170184 -0.000120656  5.64939e-05  0.000474176 -0.00881069 -0.00279719   -0.242307  0.00920189 -0.00387091    -9.80899 
              15.844   0.165291 -0.0880478 -0.0391841 0.00110988 -0.0187108  0.0370198 36.8726       0       0   -0.011 -0.02329 0.081845  -0.0043168 -0.00255598 -0.00246833 -0.000137349  2.56181e-06  0.000461855 -0.00848329 -0.00247616   -0.243672  0.00892809 -0.00415257      -9.809 
              15.944   0.171093   -0.11956 -0.0481689 0.000692239  -0.0219399   0.0428548 36.8726       0       0   -0.011 -0.02329 0.081845 -0.00530251  -0.0129233   0.0148953 -0.000146855  2.73603e-05  0.000473118 -0.00848886 -0.00206561   -0.245249  0.00893057 -0.00451051    -9.80899 
              16.044   0.149021  -0.119452 -0.0480536 0.00168838 -0.0180975  0.0375575 36.8726       0       0   -0.011 -0.02329 0.081845 -0.00209876  0.00908506 -0.00994635 -0.000115726  2.77209e-05  0.000474621 -0.00878933 -0.00278347   -0.243624  0.00918103 -0.00389754    -9.80899 
              16.144   0.176484  -0.100318 -0.0465204 0.000516161  -0.0198246   0.0399164 36.8726       0       0   -0.011 -0.02329 0.081845  -0.00624479 -0.000351931  -0.00208162 -0.000117923  1.13048e-05  0.000467995 -0.00863033 -0.00238478   -0.244476  0.00904874 -0.00423747    -9.80899 
              16.244   0.180766  -0.115502 -0.0443505 0.000524877  -0.0196463   0.0392407 36.8726       0       0   -0.011 -0.02329 0.081845 -0.00406631 0.000272344 -0.00620525 -0.000120655  1.51646e-05   0.00046894 -0.00873435 -0.00241988   -0.244392  0.00913466 -0.00420757    -9.80899 
              16.344   0.172875  -0.120946 -0.0474917 0.00188884 -0.0166169  0.0334199 36.8726       0       0   -0.011 -0.02329 0.081845 0.00249101  0.0105303  -0.026045 -0.000112654  2.25641e-05  0.000478185 -0.00903291 -0.00284813    -0.24316 0.00938117  -0.003838   -9.80899 
              16.444   0.127043   -0.14747 -0.0638967 0.00327381 -0.0169503  0.0329662 36.8726       0       0   -0.011 -0.02329 0.081845 0.00600934 0.00678637 -0.0213349 -6.38372e-05  2.75693e-05  0.000493884 -0.00921921 -0.00264475   -0.243718  0.00953407 -0.00401338    -9.80899 
              16.544   0.170213  -0.112694 -0.0474856 0.0023189 -0.019572 0.0383841 36.8726       0       0   -0.011 -0.02329 0.081845 0.00418718  -0.010554 0.00123454 -9.13679e-05 -1.09397e-05  0.000485641 -0.00893431 -0.00225719   -0.245605 0.00929779 -0.0043569   -9.80899 
              16.644  0.166037 -0.119934  -0.04866 0.00114219 -0.0211508  0.0400819 36.8726       0       0   -0.011 -0.02329 0.081845 -0.00241467  -0.0122778  0.00393024 -8.13761e-05  3.06275e-06  0.000479615 -0.00868667 -0.00218871   -0.246022   0.0090941 -0.00441752    -9.80899 
              16.744   0.159435  -0.121263 -0.0542613 0.00229528 -0.0178389  0.0345318 36.8726       0       0   -0.011 -0.02329 0.081845 0.00291787 0.00409488 -0.0178937 -6.00616e-05  5.75403e-07  0.000477361 -0.00891647 -0.00283573   -0.244674  0.00928573 -0.00387296    -9.80899 
              16.844   0.160915  -0.117801 -0.0458989 0.00180852 -0.0161239  0.0324797 36.8726       0       0   -0.011 -0.02329 0.081845 -0.000390523   0.00946047   -0.0209726 -6.17393e-05 -1.84944e-06   0.00046933 -0.00880338 -0.00304131   -0.244664  0.00919416 -0.00370511    -9.80899 
              16.944  0.191105 -0.086024  -0.03045 0.000100805  -0.0176082   0.0357007 36.8726       0       0   -0.011 -0.02329 0.081845 -0.00784405  0.00351333 -0.00582434 -9.02596e-05 -1.77134e-05  0.000451841   -0.008557 -0.00270657   -0.245959 0.00899141 -0.0039929     -9.809 
              17.052  0.175358 -0.126613 -0.044607 0.00113435 -0.0217845  0.0406756 36.8726       0       0   -0.011 -0.02329 0.081845 -0.00185053  -0.0121692  0.00933285 -9.33905e-05  1.59467e-05   0.00046637 -0.00883112 -0.00209975   -0.247225 0.00921266 -0.0045015   -9.80899 
              17.148   0.178856  -0.102473 -0.0441116 0.00190967 -0.0181925  0.0366161 36.8726       0       0   -0.011 -0.02329 0.081845  0.00225874   0.0053051 -0.00867428 -9.42461e-05 -2.57904e-06  0.000460839 -0.00898344 -0.00278536    -0.24616  0.00933474 -0.00393283    -9.80899 
              17.244   0.149649  -0.147939 -0.0624592 0.00221545 -0.0174083   0.035386 36.8726       0       0   -0.011 -0.02329 0.081845 0.00175139 0.00684295 -0.0124791 -7.59487e-05  4.18268e-05  0.000470104 -0.00900918 -0.00281962   -0.246097  0.00935545 -0.00390432    -9.80899 
              17.344   0.178144  -0.111258 -0.0451144  0.0017569 -0.0181641  0.0369607 36.8726       0       0   -0.011 -0.02329 0.081845 -0.000475788   0.00200765  -0.00613842 -8.8275e-05 2.30743e-05 0.000453507 -0.00890128 -0.00263322   -0.246806  0.00926885 -0.00406385    -9.80899 
              17.444  0.182395 -0.119604 -0.049481 0.00190294  -0.021374  0.0399697 36.8726       0       0   -0.011 -0.02329 0.081845 0.00349482 -0.0162008 0.00364254 -9.09555e-05  1.95699e-05   0.00045652 -0.00888234 -0.00221943   -0.247648   0.0092527 -0.00440721    -9.80899 
              17.544     0.1735  -0.121191 -0.0612075 0.00235677 -0.0192813  0.0386461 36.8726       0       0   -0.011 -0.02329 0.081845  0.00361656 0.000237723 -0.00377311 -8.23598e-05  1.80441e-05  0.000463769 -0.00891763 -0.00276286   -0.247344  0.00928195 -0.00396777    -9.80899 
              17.644    0.15647  -0.145566 -0.0696921 0.00219864 -0.0188066  0.0373678 36.8726       0       0   -0.011 -0.02329 0.081845 0.000100874  0.00128897 -0.00890408 -7.4881e-05 3.34775e-05 0.000489573 -0.00885982 -0.00282849   -0.247162  0.00923602 -0.00391262    -9.80899 
              17.744   0.171543  -0.124176 -0.0474191 0.00172386 -0.0185127  0.0369226 36.8726       0       0   -0.011 -0.02329 0.081845 -0.00183529  0.00233026 -0.00965633 -7.8181e-05 8.61967e-06 0.000476405 -0.00878654 -0.00285814   -0.247299  0.00917726 -0.00389069    -9.80899 
              17.844   0.197232   -0.11617 -0.0435744 0.000619217  -0.0202921     0.03966 36.8726       0       0   -0.011 -0.02329 0.081845 -0.00522815  -0.0057966 9.65486e-05 -0.000113467  2.10103e-05  0.000483759 -0.00864006 -0.00262275    -0.24817 0.00905733  -0.004089   -9.80899 
              17.944   0.189017  -0.113972 -0.0482829 0.000369623  -0.0193104   0.0384481 36.8726       0       0   -0.011 -0.02329 0.081845 -0.00453976 0.000486744 -0.00603243 -9.13017e-05  4.96381e-06   0.00048697 -0.00869445 -0.00283737   -0.247942  0.00910151 -0.00391566    -9.80899 
              18.044   0.182899   -0.12653 -0.0528835 0.00127026 -0.0180509  0.0360134 36.8726       0       0   -0.011 -0.02329 0.081845 0.000147236   0.0049207  -0.0141028 -9.86999e-05  2.00813e-05  0.000494518 -0.00891247 -0.00300497   -0.247554  0.00927532 -0.00377756    -9.80899 
              18.144   0.181765  -0.112609 -0.0502212 0.00198268  -0.017888  0.0366963 36.8726       0       0   -0.011 -0.02329 0.081845  0.00272034  0.00423819 -0.00920822 -9.16322e-05  8.48048e-06  0.000507243 -0.00901766 -0.00298812   -0.248063  0.00935775 -0.00379874    -9.80899 
              18.244   0.206731    -0.1104 -0.0372297 0.000881912  -0.0201946   0.0404478 36.8726       0       0   -0.011 -0.02329 0.081845 -0.00330163 -0.00453113  0.00394639 -0.000100172  1.01334e-05  0.000504545  -0.0088152 -0.00262441   -0.249144  0.00919687 -0.00410204    -9.80899 
              18.344   0.182538   -0.12097 -0.0457722 0.000913909  -0.0196276    0.038801 36.8726       0       0   -0.011 -0.02329 0.081845 -0.00367873  0.00157606  -0.0051196 -8.9433e-05 8.48485e-06 0.000506709 -0.00887465 -0.00274965   -0.248707  0.00924383 -0.00399656    -9.80899 
              18.444   0.168481   -0.13321 -0.0672327 0.00140995  -0.018384  0.0362195 36.8726       0       0   -0.011 -0.02329 0.081845 -0.00236686  0.00318782  -0.0137846 -8.59859e-05  1.16497e-05  0.000526019 -0.00902571 -0.00292384   -0.248263  0.00936255 -0.00385265    -9.80899 
              18.544   0.177663  -0.114836 -0.0467222 0.00221361 -0.0170582  0.0354538 36.8726       0       0   -0.011 -0.02329 0.081845 0.00175215 0.00760036 -0.0137346 -8.36266e-05  4.66384e-07  0.000502767 -0.00918225 -0.00308618   -0.248447  0.00948517 -0.00372859    -9.80899 
              18.644   0.198045  -0.118904 -0.0482133 0.000808053  -0.0210696    0.040902 36.8726       0       0   -0.011 -0.02329 0.081845 -0.00613317 -0.00759938  0.00627918 -8.40822e-05  8.26161e-08  0.000503275 -0.00895902 -0.00244361   -0.249956  0.00930775 -0.00425238    -9.80899 
              18.748   0.199498  -0.121369 -0.0472689 0.000746464  -0.0210086   0.0412157 36.8726       0       0   -0.011 -0.02329 0.081845 -0.00388939  -0.0041955  0.00346384 -7.36757e-05 -5.43052e-06  0.000493693 -0.00904324 -0.00256585   -0.249919  0.00937377 -0.00415686    -9.80899 
              18.844  0.158654 -0.148561 -0.073283 0.00243491 -0.0180949  0.0362511 36.8726       0       0   -0.011 -0.02329 0.081845 0.00366777 0.00823598 -0.0162259 -3.9034e-05  1.4746e-05 0.000510536 -0.00935655  -0.0029892   -0.248805  0.00961948 -0.00381096    -9.80899 
              18.944   0.177701  -0.119836 -0.0511524 0.00179263 -0.0164403  0.0344092 36.8726       0       0   -0.011 -0.02329 0.081845 -0.00229123    0.009631  -0.0189188 -3.86616e-05  9.08469e-06  0.000489376 -0.00922372 -0.00311338   -0.248796  0.00951679 -0.00371402    -9.80899 
              19.044   0.204734  -0.100822 -0.0384035  0.0004917 -0.0193781  0.0381083 36.8726       0       0   -0.011 -0.02329 0.081845 -0.00639868 -0.00458877 -0.00279546 -5.22125e-05 -6.90663e-06   0.00045873 -0.00905496 -0.00260818   -0.250017  0.00938169 -0.00412192    -9.80899 
              19.144   0.201413  -0.119424 -0.0506658 0.000750352  -0.0199371   0.0404844 36.8726       0       0   -0.011 -0.02329 0.081845 -0.00293721 -0.00445032  0.00443057 -4.86042e-05  1.62193e-05  0.000462863 -0.00919181 -0.00264253   -0.250639  0.00948682 -0.00410519    -9.80899 
              19.248  0.182452 -0.125229 -0.060059 0.00230067 -0.0178366  0.0354572 36.8726       0       0   -0.011 -0.02329 0.081845 0.00625189 0.00599107 -0.0163091 -3.40929e-05  3.43881e-05   0.00047173 -0.00943515  -0.0029235   -0.249493  0.00967503 -0.00387135    -9.80899 
              19.344   0.164942  -0.123736 -0.0562123 0.00189266 -0.0160488  0.0328267 36.8726       0       0   -0.011 -0.02329 0.081845 0.00244491  0.0108947 -0.0220674 -2.87813e-05  4.01212e-05  0.000465955 -0.00929361 -0.00308212   -0.249295 0.00956653 -0.0037459   -9.80899 
              19.444   0.205117  -0.106624 -0.0490048  0.0010268 -0.0184781  0.0379443 36.8726       0       0   -0.011 -0.02329 0.081845 -0.00216031 -0.00109701 0.000133989 -6.09751e-05  2.97515e-05  0.000457211 -0.00913778 -0.00268138   -0.250831  0.00944713 -0.00407612    -9.80899 
              19.564   0.201641   -0.11877 -0.0472105 0.00133962 -0.0204978   0.039992 36.8726       0       0   -0.011 -0.02329 0.081845  0.0012792 -0.0059729 0.00342494 -5.64746e-05  5.70058e-05  0.000460638 -0.00918377 -0.00244167   -0.251237  0.00948198 -0.00426544    -9.80899 
              19.644   0.191617  -0.104411 -0.0524918  0.0022597 -0.0175027   0.036059 36.8726       0       0   -0.011 -0.02329 0.081845 0.00509449  0.0072714  -0.012443 -5.23781e-05  5.40386e-05  0.000460056 -0.00930409 -0.00288286   -0.250406  0.00957316 -0.00391677    -9.80899 
              19.744    0.16983  -0.128918 -0.0604533  0.0028312 -0.0164941  0.0340611 36.8726       0       0   -0.011 -0.02329 0.081845 0.00517267 0.00854282 -0.0168164 -4.23657e-05  7.52784e-05  0.000463016 -0.00931642 -0.00290992   -0.250271  0.00958237 -0.00389402    -9.80899 
              19.844   0.207722 -0.0924781 -0.0426119 0.00158454 -0.0189051  0.0378324 36.8726       0       0   -0.011 -0.02329 0.081845  0.000674143  -0.00638125 -0.000313735 -5.50362e-05  5.05026e-05  0.000444752 -0.00903326 -0.00256682   -0.251385  0.00936842 -0.00417116    -9.80899 
              19.944    0.19749  -0.124679 -0.0516192 0.000735695  -0.0217797   0.0411419 36.8726       0       0   -0.011 -0.02329 0.081845 -0.00448133  -0.0130204  0.00834636 -4.21111e-05   7.9269e-05  0.000449933 -0.00892646 -0.00228099   -0.252056  0.00928768 -0.00439772    -9.80899 
              20.044   0.181488  -0.131396 -0.0535518 0.00216708 -0.0179777  0.0364662 36.8726       0       0   -0.011 -0.02329 0.081845 0.00258421  0.0056212 -0.0113304 -4.79438e-05  8.61307e-05  0.000451666 -0.00918731 -0.00290357   -0.251036  0.00948446 -0.00391206    -9.80899 
              20.144   0.199725  -0.116954 -0.0495989 0.00150399 -0.0193998  0.0398108 36.8726       0       0   -0.011 -0.02329 0.081845 -0.00132594 -0.00134183  0.00167881 -5.52328e-05  6.98169e-05  0.000450479 -0.00906345 -0.00269429   -0.251931 0.00939116 -0.0040836   -9.80899 
              20.244  0.189653 -0.120916 -0.049519 0.000769093  -0.0196751   0.0394981 36.8726       0       0   -0.011 -0.02329 0.081845   -0.003941 -0.00234469  -0.0019121 -4.45729e-05  6.84019e-05  0.000448379 -0.00898686 -0.00266937   -0.251849  0.00933377 -0.00410081    -9.80899 
              20.344    0.17281  -0.116025 -0.0492636 0.00184167 -0.0178897  0.0346389 36.8726       0       0   -0.011 -0.02329 0.081845 0.00195434 0.00462234 -0.0195418 -3.03548e-05  5.84116e-05  0.000437099  -0.0091727 -0.00287951   -0.250977  0.00947482 -0.00393029    -9.80899 
              20.444   0.166993  -0.127285 -0.0511626 0.00250017 -0.0165362  0.0336483 36.8726       0       0   -0.011 -0.02329 0.081845  0.0036947 0.00881852 -0.0180014 -1.8563e-05 7.81636e-05 0.000434878 -0.00923914 -0.00300726   -0.251204  0.00952435 -0.00383879    -9.80899 
              20.544   0.186443  -0.107098 -0.0444617 0.00183255  -0.019409  0.0386521 36.8726       0       0   -0.011 -0.02329 0.081845  -0.0005821 -0.00413896   0.0025968 -2.67599e-05  7.63973e-05  0.000422275 -0.00910049 -0.00259538   -0.252504  0.00941845 -0.00416328    -9.80899 
              20.644   0.187859  -0.115984 -0.0495774 0.00071678 -0.0211042  0.0409887 36.8726       0       0   -0.011 -0.02329 0.081845 -0.00524508 -0.00856353   0.0074585 -3.55351e-05    8.962e-05  0.000423992 -0.00896279 -0.00244839   -0.252915 0.00931578 -0.0042774   -9.80899 
              20.744   0.185278  -0.125766 -0.0522524 0.00213604 -0.0184529  0.0358252 36.8726       0       0   -0.011 -0.02329 0.081845 0.00209153 0.00375617 -0.0138514 -3.93117e-05  0.000101201  0.000430617 -0.00923057 -0.00285219   -0.251811 0.00951419 -0.0039646   -9.80899 
              20.844   0.185857  -0.117343 -0.0498513 0.00200157 -0.0158269  0.0330552 36.8726       0       0   -0.011 -0.02329 0.081845 0.000909327   0.0123213   -0.019962 -6.34824e-05   9.5677e-05  0.000434209 -0.00919156  -0.0031479   -0.251578  0.00948558 -0.00374324    -9.80899 
              20.944   0.216677 -0.0823458 -0.0304713 0.000696243  -0.0180473   0.0368564 36.8726       0       0   -0.011 -0.02329 0.081845 -0.00399228 -8.5248e-05 -0.00267772 -7.3258e-05 6.52828e-05 0.000422098 -0.00899617 -0.00275112   -0.252734  0.00934111 -0.00405056    -9.80899 
              21.044   0.200308  -0.135024 -0.0519136 0.00180472 -0.0214512   0.040371 36.8726       0       0   -0.011 -0.02329 0.081845 0.000554133   -0.012169  0.00741112 -5.99161e-05  0.000102236  0.000437764 -0.00919657 -0.00234264   -0.253467  0.00948861 -0.00436099    -9.80899 
              21.144   0.206583   -0.10148 -0.0424733 0.00188965 -0.0190761  0.0376591 36.8726       0       0   -0.011 -0.02329 0.081845   0.0010967 0.000931863 -0.00528353 -5.30719e-05  7.65983e-05  0.000426747 -0.00920377 -0.00279139    -0.25284  0.00949285 -0.00402244    -9.80899 
              21.244   0.182288  -0.135122 -0.0600696 0.00227917 -0.0173119   0.035409 36.8726       0       0   -0.011 -0.02329 0.081845 0.00175154 0.00764475 -0.0124972 -4.75472e-05  0.000113957  0.000435352 -0.00925453 -0.00300098   -0.252524  0.00952969 -0.00386388    -9.80899 
              21.344   0.213387 -0.0901979 -0.0370599 0.00127792 -0.0183137  0.0374848 36.8726       0       0   -0.011 -0.02329 0.081845 -0.00250394   0.0015246 -0.00384671 -5.99484e-05   8.1305e-05  0.000412386 -0.00909329 -0.00280459   -0.253192  0.00941255 -0.00401839    -9.80899 
              21.444   0.218113  -0.107358 -0.0473994 0.00173092 -0.0208288  0.0399359 36.8726       0       0   -0.011 -0.02329 0.081845 -0.000508945   -0.0081807   0.00369303 -5.80377e-05  9.99071e-05  0.000425058 -0.00918271   -0.002487   -0.253736  0.00947748 -0.00425859    -9.80899 
              21.544   0.216294  -0.105382 -0.0425407 0.00191978 -0.0198815  0.0397854 36.8726       0       0   -0.011 -0.02329 0.081845 0.000588323 -0.00130686 0.000471571 -5.30518e-05  8.03217e-05  0.000419311 -0.00921649 -0.00271784   -0.253681 0.00950198 -0.0040905   -9.80899 
              21.644   0.205702  -0.129327 -0.0432467 0.00206297 -0.0184981  0.0374137 36.8726       0       0   -0.011 -0.02329 0.081845 -0.000889868   0.00648887  -0.00985353 -4.5495e-05 8.94894e-05 0.000413352 -0.00923354 -0.00288636   -0.253244 0.00951387 -0.0039607   -9.80899 
              21.744   0.225648   -0.11188 -0.0402591 0.00186644 -0.0187651  0.0388884 36.8726       0       0   -0.011 -0.02329 0.081845 -0.00150942  0.00401139 -0.00346982 -5.06984e-05  9.24105e-05  0.000406366 -0.00922328 -0.00279575   -0.253725  0.00950675 -0.00403508    -9.80899 
              21.844    0.25472 -0.0941169 -0.0260859 0.000495993  -0.0205259      0.0405 36.8726       0       0   -0.011 -0.02329 0.081845 -0.00596958 -0.00468229  0.00072977 -7.72169e-05  8.27567e-05  0.000397283  -0.0090597 -0.00254151   -0.254089   0.0093893 -0.00422457    -9.80899 
              21.944   0.234133  -0.093483 -0.0317934 0.000445251  -0.0193626   0.0383126 36.8726       0       0   -0.011 -0.02329 0.081845 -0.00379496  0.00127621  -0.0083379 -5.5843e-05 7.24255e-05 0.000417903 -0.00913048 -0.00272608     -0.2537  0.00943946 -0.00408432    -9.80899 
              22.044   0.219165  -0.109794 -0.0391127 0.00106894 -0.0183837  0.0357312 36.8726       0       0   -0.011 -0.02329 0.081845 -0.00157156  0.00648347  -0.0160746 -4.21802e-05  6.93372e-05  0.000420918 -0.00926265 -0.00280789   -0.253395  0.00953306 -0.00401853    -9.80899 
              22.144   0.212483  -0.126081 -0.0465508 0.00239345 -0.0190242  0.0379437 36.8726       0       0   -0.011 -0.02329 0.081845  0.00365969  0.00258948 -0.00499063 -3.7011e-05 7.83851e-05 0.000427541 -0.00944819 -0.00269525   -0.254106  0.00966743 -0.00411437    -9.80899 
              22.244   0.250052  -0.108204 -0.0278612 0.00116817 -0.0214322  0.0426556 36.8726       0       0   -0.011 -0.02329 0.081845 -0.00214129 -0.00756813    0.010692 -6.07301e-05  6.12785e-05  0.000408904 -0.00924089 -0.00243977   -0.255048  0.00952276 -0.00431697    -9.80899 
              22.344   0.212555  -0.117023 -0.0395197 0.00106155 -0.0208131  0.0401653 36.8726       0       0   -0.011 -0.02329 0.081845 -0.00212957 -0.00276162 -0.00298291 -2.49046e-05  5.87933e-05  0.000418001 -0.00925454 -0.00256151   -0.254428  0.00953156 -0.00421742    -9.80899 
              22.448   0.216462  -0.119971 -0.0578589 0.00198016 -0.0188237  0.0369188 36.8726       0       0   -0.011 -0.02329 0.081845  0.0018192 0.00533375 -0.0142267 -3.40129e-05  6.80143e-05  0.000431413 -0.00940367  -0.0028206   -0.253937   0.0096362 -0.00402357    -9.80899 
              22.544   0.210088  -0.131232 -0.0517766 0.00264065 -0.0189039  0.0376181 36.8726       0       0   -0.011 -0.02329 0.081845  0.00346351  0.00402336 -0.00939562 -2.29784e-05  6.35794e-05  0.000425463 -0.00946524 -0.00277078   -0.254341   0.0096796 -0.00406711    -9.80899 
              22.644   0.239815  -0.125653 -0.0473033 0.00124564 -0.0219083  0.0428292 36.8726       0       0   -0.011 -0.02329 0.081845 -0.00369428 -0.00790021  0.00908521 -3.28056e-05  5.19432e-05  0.000418551 -0.00923435 -0.00239842   -0.255501  0.00951551 -0.00435116    -9.80899 
              22.744  0.252496 -0.113708 -0.041895 0.000973092  -0.0206987     0.04148 36.8726       0       0   -0.011 -0.02329 0.081845 -0.00327793  -0.0013083 0.000280495 -4.16183e-05  5.23464e-05  0.000416907 -0.00925252 -0.00264179   -0.255111  0.00952953 -0.00417305    -9.80899 
              22.844   0.208254  -0.131398 -0.0569976 0.00242505 -0.0182654  0.0358455 36.8726       0       0   -0.011 -0.02329 0.081845  0.0032836 0.00795117 -0.0199862 -4.69976e-06  6.15604e-05  0.000417528 -0.00948516 -0.00290002   -0.254076   0.0096944 -0.00397128    -9.80899 
              22.944   0.221206  -0.119933 -0.0416356 0.00122039 -0.0177356  0.0356114 36.8726       0       0   -0.011 -0.02329 0.081845 -0.00319032  0.00776597  -0.0155552 -7.92944e-06  4.53371e-05  0.000398207 -0.00930039 -0.00287515   -0.254421  0.00956502 -0.00399581    -9.80899 
              23.044  0.252011 -0.111125 -0.033669 0.00137166 -0.0206965  0.0407534 36.8726       0       0   -0.011 -0.02329 0.081845  -0.0019728 -0.00491794  0.00484398 -2.55255e-05  3.45472e-05  0.000395021 -0.00935544 -0.00247389   -0.255653  0.00959999 -0.00430134    -9.80899 
              23.144   0.242246  -0.135925 -0.0524686 0.00194606 -0.0216118  0.0429464 36.8726       0       0   -0.011 -0.02329 0.081845  0.00046036 -0.00607376  0.00890736 -7.69981e-06  5.19781e-05  0.000410735 -0.00945676 -0.00244302   -0.255979  0.00966957 -0.00432988    -9.80899 
              23.244   0.226919  -0.125603 -0.0521464 0.00232339 -0.0187326  0.0365469 36.8726       0       0   -0.011 -0.02329 0.081845 0.00175854  0.0054408 -0.0168799 4.09305e-06 5.27088e-05 0.000409446 -0.00950426 -0.00278813   -0.254694  0.00970426 -0.00406247    -9.80899 
              23.344   0.225413  -0.123439 -0.0485357 0.00120815  -0.017321  0.0341197 36.8726       0       0   -0.011 -0.02329 0.081845 -0.00337378  0.00868209  -0.0213218 1.15795e-05 4.30868e-05 0.000407822 -0.00933889 -0.00288814   -0.254583 0.00959056 -0.0039908   -9.80899 
              23.444   0.247011  -0.107353 -0.0423488 0.00125562 -0.0204522  0.0401674 36.8726       0       0   -0.011 -0.02329 0.081845 -0.000952754   -0.0070071    0.0042152 -5.35247e-06  3.62162e-05  0.000409879 -0.00936502 -0.00250572   -0.256094 0.00960488 -0.0042874   -9.80899 
              23.544   0.259556  -0.117537 -0.0440216 0.00132364 -0.0219774  0.0430616 36.8726       0       0   -0.011 -0.02329 0.081845 -0.000313607  -0.00965559    0.0106502 -6.43262e-06   3.7523e-05  0.000412537 -0.00938722 -0.00243274    -0.25655  0.00961928 -0.00434747    -9.80899 
              23.644   0.248279  -0.109647 -0.0458415 0.00185184 -0.0197749  0.0386495 36.8726       0       0   -0.011 -0.02329 0.081845  0.00214167  0.00127414 -0.00887271 -5.50128e-06  2.84905e-05  0.000402392 -0.00945894 -0.00275663   -0.255612  0.00966915 -0.00410474    -9.80899 
              23.744   0.223513  -0.148271 -0.0627403 0.00307615 -0.0178214  0.0355484 36.8726       0       0   -0.011 -0.02329 0.081845 0.00548153 0.00834853 -0.0177493 -4.0934e-07 5.03161e-05 0.000396492 -0.00959814 -0.00296686   -0.255237  0.00976424 -0.00395288    -9.80899 
              23.844   0.253145  -0.103343 -0.0390014 0.00176064 -0.0197695  0.0390593 36.8726       0       0   -0.011 -0.02329 0.081845 -0.00157285   -0.001745 -0.00203667 -2.99205e-05  1.31543e-05  0.000375641 -0.00935238 -0.00267631   -0.256218  0.00959586 -0.00417199    -9.80899 
              23.952    0.25553  -0.155306 -0.0566874  0.0019903 -0.0224044  0.0437715 36.8726       0       0   -0.011 -0.02329 0.081845 -0.00103002  -0.0100829   0.0123602 -2.15194e-05  4.49967e-05  0.000394916 -0.00940629 -0.00243823   -0.257083  0.00963031 -0.00435235    -9.80899 
              24.044   0.233865  -0.135744 -0.0508238 0.00229873 -0.0191918  0.0386962 36.8726       0       0   -0.011 -0.02329 0.081845 0.000778546  0.00497292 -0.00944948 4.46507e-06 2.64484e-05 0.000382668 -0.00945582 -0.00287585   -0.256017  0.00966712 -0.00403258    -9.80899 
              24.144  0.248003 -0.131945 -0.056289 0.00169432 -0.0213561  0.0416888 36.8726       0       0   -0.011 -0.02329 0.081845 -0.00229165 -0.00315239  0.00140597 -1.31988e-05  4.36365e-05   0.00039914 -0.00937517 -0.00256685   -0.256716  0.00960937 -0.00425699    -9.80899 
              24.248   0.243581  -0.139351 -0.0567572 0.00213392 -0.0220184  0.0422756 36.8726       0       0   -0.011 -0.02329 0.081845  0.00194322 -0.00725922  0.00163417 -1.8401e-05 4.62395e-05  0.00039817 -0.00944363 -0.00256851   -0.256807  0.00965502 -0.00425821    -9.80899 
              24.344   0.246199  -0.111238 -0.0439498 0.00202861 -0.0179547   0.035385 36.8726       0       0   -0.011 -0.02329 0.081845 0.00151054 0.00954915 -0.0229735 -2.95166e-05  1.95636e-05  0.000391724 -0.00940488 -0.00307765    -0.25559  0.00963497 -0.00388894    -9.80899 
              24.444    0.22289  -0.124977 -0.0461912 0.00221431 -0.0169707  0.0328645 36.8726       0       0   -0.011 -0.02329 0.081845 -0.00163831  0.00739234  -0.0248064 -2.19021e-05  2.11277e-05  0.000395067 -0.00943049 -0.00309226   -0.255562  0.00965221 -0.00387864    -9.80899 
              24.544   0.248932  -0.105394 -0.0350064 0.00153641 -0.0195061  0.0384302 36.8726       0       0   -0.011 -0.02329 0.081845 -0.00508577 -0.00155805 0.000352984 -4.02745e-05  9.19963e-06  0.000377794 -0.00936588 -0.00278191   -0.256968  0.00960512 -0.00411559    -9.80899 
              24.644   0.248531  -0.125104 -0.0545301 0.00156234 -0.0212181   0.041504 36.8726       0       0   -0.011 -0.02329 0.081845  -0.0033126 -0.00685176  0.00880225 -5.59408e-05  6.96329e-06  0.000383014 -0.00942658 -0.00263269   -0.257491 0.00964448 -0.0042258   -9.80899 
              24.748    0.25248  -0.113025 -0.0394966 0.00143854 -0.0188714  0.0372852 36.8726       0       0   -0.011 -0.02329 0.081845 -0.00221496 -0.00467132 -0.00302772 -5.36111e-05 -5.38742e-06  0.000372743 -0.00945348 -0.00300737   -0.256601  0.00966339 -0.00395887    -9.80899 
              24.848   0.223512  -0.114153 -0.0480608 0.00109207 -0.0171065  0.0345478 36.8726       0       0   -0.011 -0.02329 0.081845 -0.00258115  0.00314346  -0.0125687 -6.33936e-05 -1.29143e-06  0.000369676 -0.00944297 -0.00324668   -0.256221  0.00965694 -0.00379293    -9.80899 
              24.944   0.253925 -0.0775852 -0.0255122 0.000783275  -0.0194583   0.0388776 36.8726       0       0   -0.011 -0.02329 0.081845 -0.00242118  -0.0061012  0.00418405 -8.93477e-05 -3.09332e-05  0.000363949 -0.00942974 -0.00299776   -0.257175   0.0096481 -0.00397522    -9.80899 
              25.056   0.249866  -0.120713 -0.0430026  0.0013102 -0.0225359  0.0424758 36.8726       0       0   -0.011 -0.02329 0.081845 -0.000320831    -0.014356    0.0120145 -7.95172e-05  -7.0904e-06  0.000368734 -0.00952456  -0.0027521   -0.257696 0.00971117 -0.0041465   -9.80899 
              25.144   0.259486 -0.0870578 -0.0339186 0.00160927 -0.0188324  0.0387067 36.8726       0       0   -0.011 -0.02329 0.081845  0.00203735  0.00376238 -0.00474472 -5.94209e-05 -4.72972e-05  0.000347633 -0.00956853 -0.00333736   -0.256893  0.00973702 -0.00374659    -9.80899 
              25.244   0.231771  -0.123374 -0.0510019 0.00153419 -0.0167609   0.035553 36.8726       0       0   -0.011 -0.02329 0.081845 0.000693844   0.0097904  -0.0150686 -3.96933e-05 -1.70048e-05  0.000354147 -0.00954181 -0.00351742   -0.256443  0.00971843 -0.00361865    -9.80899 
              25.344   0.261562 -0.0917757 -0.0300047 0.00136913   -0.01885  0.0383376 36.8726       0       0   -0.011 -0.02329 0.081845 7.39003e-05 -0.00125542 -0.00271401 -5.25699e-05 -2.06534e-05  0.000328786 -0.00950583 -0.00319177   -0.257187  0.00969712 -0.00384815    -9.80899 
              25.444   0.266809 -0.0979119 -0.0359211 0.00113906 -0.0210396  0.0408292 36.8726       0       0   -0.011 -0.02329 0.081845 -0.000779432   -0.0089049   0.00459585 -4.92394e-05 -1.18653e-05  0.000335318 -0.00947291 -0.00297314    -0.25766 0.00967709 -0.0040012   -9.80899 
              25.544    0.26505 -0.0937427 -0.0291514 0.00123842 -0.0199568  0.0402007 36.8726       0       0   -0.011 -0.02329 0.081845 0.000205703 -0.00143908 8.16149e-05 -2.57545e-05  4.21711e-06  0.000332181 -0.00949849 -0.00319729   -0.257512  0.00969292 -0.00385263    -9.80899 
              25.648   0.239991  -0.117526 -0.0372882 0.00166279  -0.018156  0.0362569 36.8726       0       0   -0.011 -0.02329 0.081845 0.00157283 0.00544394 -0.0146136 -8.35314e-06   2.0895e-05  0.000338303 -0.00955028 -0.00337474   -0.256894  0.00972288 -0.00372199    -9.80899 
              25.744   0.257089  -0.102209 -0.0335037 0.00180715 -0.0186693  0.0379023 36.8726       0       0   -0.011 -0.02329 0.081845  0.00188252  0.00204752 -0.00598159 -1.73799e-05  1.25965e-05  0.000338677 -0.00954499 -0.00329433   -0.257403  0.00972207 -0.00378678    -9.80899 
              25.856   0.295718 -0.0861931 -0.0242224 0.000762478  -0.0209347   0.0415688 36.8726       0       0   -0.011 -0.02329 0.081845 -0.00274451 -0.00694931  0.00625365 -4.22952e-05   1.5931e-05  0.000333438 -0.00940669 -0.00307769   -0.258067 0.00963661 -0.0039423   -9.80899 
              25.944    0.27702 -0.0947972 -0.0339686 0.000737512  -0.0203605   0.0404415 36.8726       0       0   -0.011 -0.02329 0.081845  -0.00172523  -0.00257525 -0.000431205 -2.39795e-05  2.02556e-05  0.000334855 -0.00943247  -0.0031918   -0.257818  0.00965166 -0.00386312    -9.80899 
              26.044   0.270208  -0.103656 -0.0344099 0.00106124 -0.0189808  0.0372402 36.8726       0       0   -0.011 -0.02329 0.081845 0.000439176  0.00330459   -0.012341 -2.06397e-05  1.99872e-05  0.000333907 -0.00949084 -0.00334067   -0.257337 0.00968614  -0.003755   -9.80899 
              26.144   0.265629  -0.107612 -0.0355686 0.00225531 -0.0195836  0.0391422 36.8726       0       0   -0.011 -0.02329 0.081845  0.00457832  0.00111936 -0.00313758 -2.10898e-05  2.05675e-05   0.00032774 -0.00961697 -0.00327615   -0.257846  0.00976848 -0.00380985    -9.80899 
              26.244   0.292105  -0.109875 -0.0300174 0.00127507 -0.0213173  0.0422312 36.8726       0       0   -0.011 -0.02329 0.081845 -0.00104912 -0.00565931  0.00662736 -4.18329e-05  2.02895e-05  0.000322688 -0.00944892 -0.00310254   -0.258397  0.00966448 -0.00393501    -9.80899 
              26.348     0.2667   -0.12726 -0.0518078 0.00235862 -0.0214208  0.0409154 36.8726       0       0   -0.011 -0.02329 0.081845    0.0054256  -0.00764225 -0.000876911 -2.43275e-05  2.61083e-05  0.000349609 -0.00956561 -0.00316721   -0.258089  0.00973713 -0.00388566    -9.80899 
              26.444   0.248781  -0.119565 -0.0530651 0.00212124 -0.0192659  0.0368303 36.8726       0       0   -0.011 -0.02329 0.081845  0.0023459 0.00306407 -0.0153628 -6.42334e-06  2.75896e-05   0.00035958 -0.00948596 -0.00344932   -0.257471  0.00968513 -0.00369157    -9.80899 
              26.556   0.255775  -0.130566 -0.0481358 0.00311618 -0.0194103  0.0389112 36.8726       0       0   -0.011 -0.02329 0.081845 0.00472317 0.00231158 -0.0046134 -1.5273e-05 3.38866e-05 0.000355264 -0.00956848 -0.00344136   -0.258074  0.00973731 -0.00371259    -9.80899 
              26.648   0.289563  -0.120472 -0.0393094 0.00182748 -0.0217694  0.0430113 36.8726       0       0   -0.011 -0.02329 0.081845 -0.00253883 -0.00719238  0.00868978 -4.38464e-05  2.87994e-05  0.000351298 -0.00936837  -0.0031947   -0.258806   0.0096118 -0.00388445    -9.80899 
              26.748  0.286121 -0.129315 -0.047312 0.00178653 -0.0212493   0.041822 36.8726       0       0   -0.011 -0.02329 0.081845 -0.00182179 -0.00322359 0.000555857 -4.07541e-05  2.68764e-05  0.000344708  -0.0093938 -0.00331427   -0.258503  0.00962812 -0.00380269    -9.80899 
              26.848   0.262765  -0.126227 -0.0516444 0.00181402 -0.0188041  0.0367751 36.8726       0       0   -0.011 -0.02329 0.081845 -0.00125698  0.00638196  -0.0177497 -2.06959e-05  2.48972e-05  0.000343037 -0.00942214 -0.00356635   -0.257726 0.00964737 -0.0036264   -9.80899 
              26.948   0.270566  -0.105476 -0.0319339 0.000976851  -0.0176172   0.0360171 36.8726       0       0   -0.011 -0.02329 0.081845 -0.00339651  0.00901394  -0.0153219 -8.97275e-06  7.04441e-06  0.000333767 -0.00934105  -0.0036381   -0.257906  0.00959683 -0.00358674    -9.80899 
              27.044   0.293976  -0.109559 -0.0363661 0.00134183 -0.0203347  0.0406432 36.8726       0       0   -0.011 -0.02329 0.081845  0.00263785 -0.00917919  0.00384296 -3.42708e-05  1.28601e-05  0.000341362 -0.00940818 -0.00330835   -0.258877  0.00963635 -0.00381611    -9.80899 
              27.148   0.266621  -0.120043 -0.0266526 0.00163292 -0.0224769  0.0419372 36.8726       0       0   -0.011 -0.02329 0.081845 0.00689132 -0.0198181 0.00551142 -5.04686e-06  3.01506e-05  0.000344804 -0.00940674 -0.00318263   -0.259018  0.00963561 -0.00389728    -9.80899 
              27.248   0.269939  -0.121904 -0.0481756 0.00291356  -0.019906  0.0365459 36.8726       0       0   -0.011 -0.02329 0.081845  0.00933619 -0.00404696  -0.0150366 5.62249e-06 3.00497e-05  0.00035121 -0.00948737 -0.00364844   -0.258108  0.00968299 -0.00358616    -9.80899 
              27.376    0.26111  -0.121072 -0.0454176 0.00188939 -0.0177016  0.0339087 36.8726       0       0   -0.011 -0.02329 0.081845 0.000350161  0.00853327  -0.0190805 1.92209e-05 3.02365e-05 0.000349987 -0.00927722 -0.00389631   -0.258046  0.00955367 -0.00343343    -9.80899 
              27.448   0.295031  -0.109826 -0.0432291 0.00134248 -0.0205033  0.0408847 36.8726       0       0   -0.011 -0.02329 0.081845 -0.00301451 -0.00285605  0.00964447 -8.37123e-06  2.66741e-05  0.000336666 -0.00921018 -0.00358149   -0.259417   0.0095132 -0.00366005    -9.80899 
              27.548   0.295363  -0.114054 -0.0422906 0.00133143 -0.0217785  0.0429067 36.8726       0       0   -0.011 -0.02329 0.081845   -0.002184 -0.00644048    0.011331 -9.66043e-06  2.39101e-05   0.00033775 -0.00924171 -0.00348465   -0.259584  0.00953231 -0.00372303    -9.80899 
              27.648  0.294183  -0.10742 -0.040875 0.00107604 -0.0194854   0.039015 36.8726       0       0   -0.011 -0.02329 0.081845 -0.00219227  0.00368762 -0.00678351 -1.43418e-05  2.09612e-05  0.000332796 -0.00924202 -0.00376341   -0.258812  0.0095326 -0.0035346   -9.80899 
              27.744   0.271101  -0.133796 -0.0531874 0.00222102 -0.0173653  0.0354385 36.8726       0       0   -0.011 -0.02329 0.081845 0.00270217  0.0108554 -0.0178625 -6.05157e-06  3.92285e-05  0.000345628 -0.00940609 -0.00393812   -0.258356  0.00963145 -0.00341684    -9.80899 
              27.848   0.305013  -0.106362 -0.0372353 0.00199511 -0.0192449  0.0387095 36.8726       0       0   -0.011 -0.02329 0.081845  0.000961002 -4.74925e-05  -0.00225667 -3.88576e-05  2.29297e-05  0.000334159  -0.0093447 -0.00366353   -0.259153  0.00959482 -0.00360398    -9.80899 
              27.952   0.303968    -0.1194 -0.0404739 0.00108085 -0.0228018  0.0436107 36.8726       0       0   -0.011 -0.02329 0.081845 -0.00298845   -0.012458   0.0130116 -3.61942e-05   3.0811e-05  0.000343341 -0.00923197 -0.00333189   -0.259911 0.00952734 -0.0038233   -9.80899 
              28.048   0.281006  -0.124614 -0.0427781 0.00212116 -0.0199716  0.0399088 36.8726       0       0   -0.011 -0.02329 0.081845  0.0022218  0.0021242 -0.0039489 -2.55123e-05  4.79541e-05   0.00032599 -0.00938359 -0.00372092   -0.259207  0.00961743 -0.00357095    -9.80899 
              28.144  0.292351 -0.127923 -0.051067 0.00157923 -0.0220192  0.0426443 36.8726       0       0   -0.011 -0.02329 0.081845 -0.00110606 -0.00646482  0.00513264 -2.4857e-05 5.62284e-05 0.000321882 -0.00929678   -0.003503   -0.259679  0.00956579 -0.00371432    -9.80899 
              28.248   0.305749  -0.126057 -0.0506862 0.00159461 -0.0229777  0.0443621 36.8726       0       0   -0.011 -0.02329 0.081845 -0.000660535  -0.00742091   0.00775475 -3.54795e-05  6.10627e-05  0.000322201 -0.00931269  -0.0034906   -0.259869  0.00957519 -0.00372728    -9.80899 
              28.348   0.291961    -0.1212 -0.0498061 0.00169308 -0.0190184  0.0373454 36.8726       0       0   -0.011 -0.02329 0.081845 0.000555426  0.00837163  -0.0189994 -2.32927e-05  5.98288e-05  0.000309872 -0.00933731 -0.00390444   -0.258748  0.00959142 -0.00344955    -9.80899 
              28.448   0.262453  -0.130017 -0.0483586 0.00251416  -0.017706  0.0345435 36.8726       0       0   -0.011 -0.02329 0.081845 0.00206601  0.0130195  -0.024009 -7.14231e-06    6.256e-05  0.000305669  -0.0094201 -0.00394192   -0.258629  0.00964059 -0.00342418    -9.80899 
              28.548  0.297505 -0.122125 -0.047846 0.00237661 -0.0196609  0.0391191 36.8726       0       0   -0.011 -0.02329 0.081845 0.000687191  0.00156364 -0.00265593 -1.60299e-05   6.7377e-05  0.000294073 -0.00937258  -0.0036677   -0.259675  0.00960987 -0.00361495    -9.80899 
              28.648   0.297798  -0.144966 -0.0616525 0.00222317 -0.0220638  0.0424311 36.8726       0       0   -0.011 -0.02329 0.081845 -0.00100484 -0.00707057  0.00739704 -1.77926e-05  8.27747e-05  0.000293646 -0.00934883 -0.00342038   -0.260215  0.00959457 -0.00377459    -9.80899 
              28.744   0.302244  -0.115598 -0.0442724 0.00133984  -0.018594   0.037748 36.8726       0       0   -0.011 -0.02329 0.081845 -0.00374893  0.00763248  -0.0113161 -1.97502e-05  6.33158e-05  0.000276931 -0.00926223 -0.00382804    -0.25942  0.00954666 -0.00351444    -9.80899 
              28.844   0.298074  -0.119275 -0.0450521 0.00123166 -0.0172799  0.0356235 36.8726       0       0   -0.011 -0.02329 0.081845 -0.00281871  0.00944171  -0.0156171 -1.00601e-05  7.12795e-05  0.000277363 -0.00929329 -0.00388034   -0.259278   0.0095653 -0.00348011    -9.80899 
              28.944   0.307825  -0.106314 -0.0416037 0.00150429 -0.0197379  0.0390859 36.8726       0       0   -0.011 -0.02329 0.081845 -0.000773546  -0.00245032 -0.000562913 -1.7206e-05 6.09924e-05 0.000282003 -0.00935076 -0.00355548   -0.260044  0.00959649 -0.00369097    -9.80899 
              29.048   0.296219  -0.135003 -0.0544008 0.00131382 -0.0222385  0.0417377 36.8726       0       0   -0.011 -0.02329 0.081845 -0.00198427  -0.0103408  0.00680075 -2.12191e-06  7.99592e-05   0.00029688 -0.00934081 -0.00333341   -0.260448  0.00959021 -0.00383154    -9.80899 
              29.144   0.304873   -0.10686 -0.0408844 0.00136048 -0.0193193  0.0388357 36.8726       0       0   -0.011 -0.02329 0.081845 -0.000358595   0.00370747  -0.00551958 -2.25456e-06  6.02534e-05  0.000282301 -0.00937177 -0.00375201   -0.259945  0.00960848 -0.00357474    -9.80899 
              29.244   0.285644  -0.138019 -0.0453966 0.00155006 -0.0191123  0.0387946 36.8726       0       0   -0.011 -0.02329 0.081845 -1.28474e-05   0.00395938  -0.00502802 1.06726e-05  8.8217e-05 0.000281749 -0.00940339 -0.00373645   -0.260036  0.00962659 -0.00358653    -9.80899 
              29.344   0.311326  -0.122557 -0.0432648 0.00183321 -0.0200488  0.0403408 36.8726       0       0   -0.011 -0.02329 0.081845 3.61544e-05 0.000820992 0.000152148 -1.15975e-05  8.93127e-05  0.000282926 -0.00944415 -0.00359574   -0.260351  0.00964972 -0.00367658    -9.80899 
              29.444   0.324296  -0.103498 -0.0302883 0.000442858  -0.0210635    0.041602 36.8726       0       0   -0.011 -0.02329 0.081845 -0.00506064 -0.00360746  0.00267707 -2.74384e-05  7.68747e-05    0.0002736 -0.00928831 -0.00348828    -0.26054  0.00956047 -0.00374338    -9.80899 
              29.544   0.312887  -0.099172 -0.0277139 0.000419228  -0.0193222   0.0390259 36.8726       0       0   -0.011 -0.02329 0.081845 -0.00350358  0.00483101 -0.00789606 -2.04412e-05  6.56502e-05  0.000274031 -0.00934673 -0.00367762   -0.260148  0.00959382 -0.00362406    -9.80899 
              29.644   0.295284  -0.128423 -0.0397494 0.00125199 -0.0179905  0.0368883 36.8726       0       0   -0.011 -0.02329 0.081845 0.00230286 0.00591893 -0.0133088 -3.17229e-07  8.49805e-05  0.000271441 -0.00947342 -0.00376667   -0.259962  0.00966545 -0.00356741    -9.80899 
              29.748   0.289463  -0.119648 -0.0385651 0.00208242 -0.0192578  0.0378773 36.8726       0       0   -0.011 -0.02329 0.081845  0.00689598 -0.00382378 -0.00697264 -6.06812e-06  7.05908e-05  0.000271026 -0.00952751 -0.00359699   -0.260308  0.00969705 -0.00367406    -9.80899 
              29.844   0.324256  -0.108612 -0.0329485 0.00120688 -0.0210042  0.0407454 36.8726       0       0   -0.011 -0.02329 0.081845 -0.000955604  -0.00579051   0.00379254 -3.78992e-05  7.27708e-05  0.000265702 -0.00936503 -0.00348741   -0.260833  0.00960561 -0.00375219    -9.80899 
              29.944   0.306113  -0.111217 -0.0400225 0.000872899  -0.0203631   0.0399888 36.8726       0       0   -0.011 -0.02329 0.081845 -0.00270698 0.000142285 -0.00105447 -3.39893e-05  8.16832e-05  0.000259057 -0.00934259 -0.00360275   -0.260689  0.00959266 -0.00368316    -9.80899 
              30.048   0.310014  -0.109372 -0.0364217 0.000362878  -0.0187199   0.0374669 36.8726       0       0   -0.011 -0.02329 0.081845 -0.00392093  0.00702193  -0.0101065 -3.94621e-05  7.02829e-05  0.000251068 -0.00932829 -0.00373065    -0.26037  0.00958424 -0.00360206    -9.80899 
              30.148  0.292937 -0.124847 -0.041773 0.00101641 -0.0192158  0.0386818 36.8726       0       0   -0.011 -0.02329 0.081845 -0.00648456  0.00294839 -0.00356251 -3.38952e-05  8.06308e-05  0.000260698 -0.00950957 -0.00363311   -0.260676  0.00968596 -0.00366553    -9.80899 
              30.248   0.321025  -0.122763 -0.0344231 0.000395788  -0.0212757   0.0422285 36.8726       0       0   -0.011 -0.02329 0.081845 -0.00648622 -0.00555447  0.00767524 -6.02059e-05  6.43754e-05  0.000253181 -0.00950548 -0.00342871   -0.261237   0.0096845 -0.00379559    -9.80899 
              30.344  0.287133 -0.154533 -0.056159 0.00155868 -0.0215932  0.0411438 36.8726       0       0   -0.011 -0.02329 0.081845 -0.000595882  -0.00478407    0.0003022 -2.52823e-05  9.19029e-05  0.000251582 -0.00971373 -0.00342502   -0.260971   0.0098003 -0.00378982    -9.80899 
              30.444   0.289527  -0.135427 -0.0573206 0.00149284 -0.0188849  0.0374964 36.8726       0       0   -0.011 -0.02329 0.081845 -0.000633919   0.00689423   -0.0125174 -3.10294e-05  6.95229e-05  0.000257156 -0.00971726 -0.00374434   -0.260451  0.00980292 -0.00359814    -9.80899 
              30.544   0.279249  -0.133598 -0.0426468 0.00210416 -0.0196295  0.0390028 36.8726       0       0   -0.011 -0.02329 0.081845  0.00159272  0.00230084 -0.00443617 -2.02534e-05  6.23921e-05   0.00024253 -0.00979005 -0.00361473   -0.260866  0.00984134 -0.00368144    -9.80899 
              30.644   0.309115  -0.136743 -0.0471803 0.00148518 -0.0221382  0.0427697 36.8726       0       0   -0.011 -0.02329 0.081845 -0.0113611 -0.0148355 0.00973459 -4.21689e-05  6.14406e-05  0.000239936 -0.00971874 -0.00336813   -0.261485   0.0097987 -0.00383334    -9.80899 
              30.748   0.319025  -0.123242 -0.0425096 0.000258064  -0.0218817   0.0421414 36.8726       0       0   -0.011 -0.02329 0.081845   -0.011578 -0.00861977   0.0033671 -4.34127e-05  4.99367e-05  0.000247277 -0.00971636 -0.00355389   -0.261272  0.00979868 -0.00372597    -9.80899 
              30.844   0.298563  -0.131837 -0.0455191 0.000667005  -0.0192015   0.0369853 36.8726       0       0   -0.011 -0.02329 0.081845 -0.00564895  0.00394594  -0.0152341 -2.31449e-05  4.19451e-05  0.000262018 -0.00989542 -0.00389638   -0.260464  0.00989972 -0.00351705    -9.80899 
              30.944   0.293366  -0.111717 -0.0311327 0.00031073 -0.0182567  0.0365807 36.8726       0       0   -0.011 -0.02329 0.081845 -0.00428375  0.00541624   -0.012385 -1.38931e-05  3.29137e-05   0.00024517 -0.00991807 -0.00397874   -0.260653  0.00991127 -0.00347764    -9.80899 
              31.044   0.281678  -0.115276 -0.0360105 0.000792027   -0.020579   0.0398084 36.8726       0       0   -0.011 -0.02329 0.081845 -0.00128138 -0.00439613  0.00108432 -1.60386e-05  5.05375e-05  0.000247867  -0.0100122 -0.00371633   -0.261299  0.00996171 -0.00363811    -9.80899 
              31.144   0.294765  -0.139327 -0.0428518 0.00233997 -0.0220659  0.0432201 36.8726       0       0   -0.011 -0.02329 0.081845  0.00462856 -0.00714524   0.0110806 -1.86086e-05  5.66695e-05  0.000250764 -0.0101906 -0.0036453  -0.261781   0.0100584 -0.00368915    -9.80899 
              31.244   0.288028  -0.127308 -0.0484758 0.00201147 -0.0182129  0.0363954 36.8726       0       0   -0.011 -0.02329 0.081845 0.00157071 0.00841997 -0.0159568 -5.70187e-06  5.63805e-05  0.000240932 -0.0101174 -0.0040419  -0.260685   0.0100182 -0.00344701    -9.80899 
              31.344  0.272845 -0.128265 -0.047102 0.00133606 -0.0169334  0.0336783 36.8726       0       0   -0.011 -0.02329 0.081845 -0.00186925   0.0100614  -0.0213381 7.67519e-06 4.64272e-05 0.000244965  -0.0100291 -0.00407135   -0.260534  0.00997082 -0.00342723    -9.80899 
              31.444   0.306181  -0.124433 -0.0468219 0.00125532 -0.0207504  0.0411696 36.8726       0       0   -0.011 -0.02329 0.081845 -0.00228361 -0.00633741  0.00907685 -7.86586e-06    3.665e-05  0.000241672  -0.0100338 -0.00365218   -0.261905  0.00997097 -0.00368548    -9.80899 
              31.544   0.314335  -0.126845 -0.0421152 0.00172959 -0.0223377  0.0429907 36.8726       0       0   -0.011 -0.02329 0.081845 -4.64147e-05  -0.00975217    0.0106062 -1.08952e-05   2.9549e-05  0.000233819   -0.010108 -0.00356141   -0.262037   0.0100103 -0.00373722    -9.80899 
              31.644   0.309999  -0.116202 -0.0409662 0.000979969  -0.0199951   0.0391101 36.8726       0       0   -0.011 -0.02329 0.081845 -0.00256749  0.00142507 -0.00675225 -4.87991e-06  2.28183e-05   0.00023139  -0.0100325 -0.00386381   -0.261358   0.0099718 -0.00355904    -9.80899 
              31.744  0.292342 -0.140079 -0.048345 0.00245921 -0.0181177   0.036404 36.8726       0       0   -0.011 -0.02329 0.081845 0.00394046 0.00813096 -0.0145901 8.34985e-06 2.40036e-05 0.000241783  -0.0102212 -0.00403268   -0.261087   0.0100724 -0.00346218    -9.80899 
              31.844   0.321092  -0.109486 -0.0314917 0.00206223 -0.0196079  0.0388321 36.8726       0       0   -0.011 -0.02329 0.081845  0.000897584 -0.000119743  -0.00324137 2.16468e-06 1.27595e-05 0.000235808  -0.0101339 -0.00382729   -0.261643  0.0100254 -0.0035865   -9.80899 
              31.944   0.327586  -0.122124 -0.0348557 0.00125443 -0.0223212  0.0429736 36.8726       0       0   -0.011 -0.02329 0.081845 -0.00297837 -0.00948042   0.0100986 4.42438e-07 2.65443e-05 0.000222766  -0.0100384 -0.00358649   -0.262266  0.00997454 -0.00373145    -9.80899 
              32.044  0.302808 -0.120085 -0.035939 0.00187641 -0.0194895  0.0387726 36.8726       0       0   -0.011 -0.02329 0.081845 0.000570634  0.00412301 -0.00770834 2.29268e-05 3.43645e-05 0.000237116  -0.0101423 -0.00392776   -0.261571   0.0100288 -0.00353132    -9.80899 
              32.144   0.309822  -0.129753 -0.0484586 0.00188318 -0.0220588   0.041881 36.8726       0       0   -0.011 -0.02329 0.081845 -0.000466969  -0.00623076   0.00362327 2.40823e-05 4.68766e-05 0.000242682  -0.0101344 -0.00365301   -0.262102   0.0100259 -0.00369142    -9.80899 
              32.244   0.331967  -0.119479 -0.0456434 0.00160761 -0.0223398  0.0432165 36.8726       0       0   -0.011 -0.02329 0.081845 -0.00146261 -0.00457484  0.00592801 1.62674e-05 3.92939e-05 0.000245869  -0.0101123 -0.00370116   -0.262253   0.0100143 -0.00367095    -9.80899 
              32.344    0.32929  -0.108559 -0.0395468 0.000995941  -0.0186512   0.0368782 36.8726       0       0   -0.011 -0.02329 0.081845 -0.00266055  0.00936263  -0.0180823  6.9976e-06 2.46953e-05 0.000250704  -0.0100668 -0.00405777   -0.261333  0.00998969 -0.00345766    -9.80899 
              32.452   0.299115  -0.115815 -0.0297768 0.00167039  -0.016283  0.0326362 36.8726       0       0   -0.011 -0.02329 0.081845 0.000860324   0.0145355  -0.0264802 2.43886e-05 3.28176e-05 0.000246589  -0.0101653 -0.00416898   -0.261039   0.0100406 -0.00339084    -9.80899 
              32.552   0.320546  -0.124814 -0.0417804 0.00237826 -0.0208138  0.0406112 36.8726       0       0   -0.011 -0.02329 0.081845  0.00199383 -0.00497145  0.00701188 1.52205e-05 4.34675e-05 0.000264877  -0.0102286 -0.00365475   -0.262456   0.0100755 -0.00369923    -9.80899 
              32.644   0.308202  -0.163224 -0.0637957 0.00306144 -0.0239274  0.0445821 36.8726       0       0   -0.011 -0.02329 0.081845 0.00274726 -0.0140341  0.0166607 1.39311e-05  7.0852e-05 0.000265206 -0.0102831 -0.0034061  -0.262913    0.010105 -0.00384028    -9.80899 
              32.744   0.317988  -0.151683 -0.0524284 0.00274787 -0.0208025  0.0399848 36.8726       0       0   -0.011 -0.02329 0.081845  0.00043575  0.00153424 -0.00440433 1.56664e-05 5.99584e-05 0.000255319  -0.0102265 -0.00383053    -0.26206   0.0100756 -0.00359855    -9.80899 
              32.844   0.306733  -0.153069 -0.0498799 0.00235367 -0.0192371  0.0375294 36.8726       0       0   -0.011 -0.02329 0.081845 -0.00205883  0.00686861  -0.0125896 2.55488e-05 5.62043e-05 0.000253453  -0.0101805 -0.00396615   -0.261777   0.0100532 -0.00352112    -9.80899 
              32.944   0.331911  -0.132729 -0.0465621 0.00222044  -0.020306  0.0401755 36.8726       0       0   -0.011 -0.02329 0.081845  -0.00243327   0.00133721 -0.000865111  7.8844e-06  3.7941e-05 0.000258515 -0.0101937 -0.0038121  -0.262368   0.0100562 -0.00361628    -9.80899 
              33.044   0.328472  -0.152758 -0.0521308 0.00164475 -0.0226659  0.0425985 36.8726       0       0   -0.011 -0.02329 0.081845 -0.00559549 -0.00615684  0.00588399 4.08554e-06 4.67591e-05 0.000259046  -0.0101702 -0.00355346   -0.262721   0.0100417 -0.00375759    -9.80899 
              33.144  0.329728  -0.13252 -0.047433 0.00272259 -0.0196833  0.0392254 36.8726       0       0   -0.011 -0.02329 0.081845  0.00481659  0.00091348 -0.00702657  1.0943e-05 2.46865e-05 0.000249695  -0.0103234 -0.00392756   -0.262204    0.010123 -0.00355332    -9.80899 
              33.244   0.310282  -0.159836 -0.0551395 0.00262574 -0.0199826  0.0386406 36.8726       0       0   -0.011 -0.02329 0.081845   0.00180438 -0.000118243  -0.00779749 2.36864e-05  3.9347e-05 0.000248734  -0.0102693 -0.00388039   -0.262223   0.0100955 -0.00357759    -9.80899 
              33.352   0.323136  -0.145126 -0.0481535 0.00272967 -0.0215713  0.0406713 36.8726       0       0   -0.011 -0.02329 0.081845 0.000858367 -0.00391706 1.87865e-05 2.72077e-05 2.50507e-05 0.000225902  -0.0102618 -0.00374419    -0.26261   0.0100893 -0.00365822    -9.80899 
              33.444   0.347041  -0.144395 -0.0489108 0.00182521 -0.0218948  0.0421673 36.8726       0       0   -0.011 -0.02329 0.081845 -0.00263013  -0.0044125  0.00435911  2.7192e-06 3.59167e-05 0.000226835  -0.0101563 -0.00377899   -0.262832  0.0100352 -0.0036473   -9.80899 
              33.544      0.349  -0.122763 -0.0326455 0.00127699 -0.0196142  0.0399516 36.8726       0       0   -0.011 -0.02329 0.081845 -0.00455843   0.0067339 -0.00500001  -5.441e-06 2.34257e-05 0.000230121  -0.0101392 -0.00402301   -0.262498   0.0100287 -0.00351514    -9.80899 
              33.648    0.33465  -0.140465 -0.0455811 0.00127456 -0.0189257  0.0381036 36.8726       0       0   -0.011 -0.02329 0.081845 -0.00467465  0.00850919  -0.0107485 -1.99837e-06  3.03682e-05  0.000232118  -0.0101985 -0.00399257   -0.262324    0.010059 -0.00352483    -9.80899 
              33.744    0.3302  -0.14423 -0.039756 0.00207149  -0.019838  0.0397656 36.8726       0       0   -0.011 -0.02329 0.081845 -0.0016942 0.00504751 -0.0031513 -2.47061e-06  2.82366e-05  0.000224269  -0.0103307 -0.00383935   -0.262681   0.0101237 -0.00361217    -9.80899 
              33.844   0.360567  -0.135137 -0.0409179 0.00134947 -0.0219815  0.0433146 36.8726       0       0   -0.011 -0.02329 0.081845 -0.00409182 -0.00456272  0.00820778 -2.09244e-05  1.08122e-05  0.000231951  -0.0102742 -0.00361806   -0.263181   0.0100941 -0.00373757    -9.80899 
              33.944    0.34881  -0.137279 -0.0436883 0.00126014 -0.0211592  0.0408593 36.8726       0       0   -0.011 -0.02329 0.081845 -0.00308202 -0.00016329 -0.00355454 -2.02123e-05  3.54646e-07  0.000243156  -0.0103039 -0.00370792   -0.262775   0.0101106 -0.00368004    -9.80899 
              34.044   0.336516  -0.136759 -0.0437191 0.00138595 -0.0198551  0.0384272 36.8726       0       0   -0.011 -0.02329 0.081845 -0.0015148 0.00460327 -0.0117537 -2.00812e-05    1.493e-06  0.000245337  -0.0103477 -0.00381569   -0.262525   0.010133 -0.0036187   -9.80899 
              34.144   0.325106  -0.168299 -0.0570934 0.00344235 -0.0208433  0.0403847 36.8726       0       0   -0.011 -0.02329 0.081845   0.00471471 -0.000575599  -0.00237659 -5.19893e-06  2.57705e-05  0.000260974 -0.0105712 -0.0037121  -0.262926   0.0102408 -0.00368235    -9.80899 
              34.244   0.364478  -0.156604 -0.0499426 0.00174518  -0.022253   0.043539 36.8726       0       0   -0.011 -0.02329 0.081845 -0.00499115 -0.00605021  0.00823831 -2.94625e-05  1.55895e-05  0.000253763  -0.0103704 -0.00362286   -0.263368   0.0101411 -0.00374064    -9.80899 
              34.344   0.318884  -0.174339 -0.0612989 0.00242514 -0.0229478  0.0427587 36.8726       0       0   -0.011 -0.02329 0.081845 -0.00138398 -0.00595528  0.00165345 -3.95507e-06  1.92788e-05  0.000264531   -0.010489 -0.00359106   -0.263164   0.0101999 -0.00374945    -9.80899 
              34.444    0.32708  -0.161313 -0.0678369 0.00202206 -0.0201193  0.0384242 36.8726       0       0   -0.011 -0.02329 0.081845 -0.00181022  0.00388679  -0.0139819 -8.52048e-06  1.83192e-05  0.000270638  -0.0104628 -0.00389738   -0.262608   0.0101918 -0.00358268    -9.80899 
              34.544    0.32174   -0.16016 -0.0511971  0.0025219 -0.0206814  0.0395511 36.8726       0       0   -0.011 -0.02329 0.081845 -0.000122593   0.00164679  -0.00667459 -3.04052e-07   1.2165e-05  0.000264212  -0.0105337 -0.00382801   -0.262938   0.0102229 -0.00362704    -9.80899 
              34.644   0.352878  -0.151547 -0.0518671 0.00185327 -0.0224424   0.043542 36.8726       0       0   -0.011 -0.02329 0.081845 -0.00348849 -0.00449695  0.00793342 -1.11076e-05  1.22823e-05  0.000273604  -0.0104731 -0.00368354   -0.263538   0.0101877 -0.00371475    -9.80899 
              34.732   0.341381  -0.162864 -0.0595346 0.00217243 -0.0224638  0.0431873 36.8726       0       0   -0.011 -0.02329 0.081845 -0.00256494 -0.00140878  0.00332797 -5.63336e-06  2.98899e-05  0.000278904  -0.0105428 -0.00370938   -0.263403   0.0102223 -0.00369844    -9.80899 
              34.844   0.349326  -0.137191 -0.0463354 0.00107437 -0.0188501  0.0383316 36.8726       0       0   -0.011 -0.02329 0.081845 -0.00567148   0.0118115  -0.0143104 -6.75403e-06  1.44088e-05  0.000272878  -0.0104701 -0.00401411   -0.262774   0.0101929 -0.00353297    -9.80899 
              34.944   0.325809   -0.14229 -0.0414401 0.00101294 -0.0185816  0.0375754 36.8726       0       0   -0.011 -0.02329 0.081845 -0.00484012   0.0104099  -0.0134243 2.39235e-05 1.85691e-05 0.000275469  -0.0105291 -0.00390857   -0.262862   0.0102202 -0.00358607    -9.80899 
              35.044   0.350983   -0.13426 -0.0386258 0.000950512  -0.0211735   0.0412349 36.8726       0       0   -0.011 -0.02329 0.081845 -0.00376882 -0.00220911  0.00183552 5.46339e-06 8.83809e-06 0.000266224 -0.0105649 -0.0035946  -0.263499    0.010234 -0.00375602    -9.80899 
              35.148   0.348951  -0.151441 -0.0484227 0.00207889 -0.0225872  0.0431124 36.8726       0       0   -0.011 -0.02329 0.081845 0.000127464 -0.00446415  0.00621452 6.16265e-06 1.40264e-05 0.000271953  -0.0107241 -0.00348638   -0.263715   0.0103084 -0.00381407    -9.80899 
              35.244   0.329005  -0.158025 -0.0652996 0.00296451 -0.0200588  0.0392219 36.8726       0       0   -0.011 -0.02329 0.081845  0.00218162  0.00828621 -0.00979332 1.76414e-05 8.78448e-06 0.000274263 -0.0108203  -0.003725  -0.263155   0.0103556 -0.00368364    -9.80899 
              35.344    0.31248  -0.172043 -0.0668535 0.00255226 -0.0182237  0.0359286 36.8726       0       0   -0.011 -0.02329 0.081845 -0.000779232    0.0120141   -0.0186402 3.52227e-05 1.22785e-05 0.000280123  -0.0107599 -0.00379457   -0.262861   0.0103289 -0.00364145    -9.80899 
              35.444    0.33432  -0.161693 -0.0615058 0.00264226 -0.0220631  0.0429243 36.8726       0       0   -0.011 -0.02329 0.081845 -0.00137523 -0.00539782  0.00944848 2.63838e-05 7.01615e-06  0.00026561  -0.0107792 -0.00337608   -0.263992  0.0103286 -0.0038718   -9.80899 
              35.544   0.364111  -0.160338 -0.0510229 0.00217365 -0.0240693  0.0459814 36.8726       0       0   -0.011 -0.02329 0.081845 -0.00210391  -0.0116044   0.0154479 5.64956e-06 7.19643e-06 0.000250186  -0.0107446 -0.00325082   -0.264262   0.0103096 -0.00393791    -9.80899 
              35.644   0.348043   -0.14469 -0.0513711 0.00155896 -0.0212041  0.0403142 36.8726       0       0   -0.011 -0.02329 0.081845 -0.00319535  0.00177504 -0.00942539 2.19623e-05  9.9261e-06 0.000254497   -0.010698 -0.00357717   -0.263364   0.0102976 -0.00375875    -9.80899 
              35.744 0.333621 -0.15705 -0.05126 0.00261385 -0.0182421    0.03694 36.8726       0       0   -0.011 -0.02329 0.081845 0.00321385  0.0140739 -0.0183176 3.59933e-05 2.33306e-05 0.000257792  -0.0108412 -0.00383335   -0.263075   0.0103668 -0.00363188    -9.80899 
              35.844  0.358144 -0.147581 -0.042864 0.00267084 -0.0203932  0.0403052 36.8726       0       0   -0.011 -0.02329 0.081845  0.00250299  0.00246837 -0.00257121 2.18804e-05 1.82653e-05 0.000248533  -0.0108037 -0.00351181   -0.263742   0.0103447 -0.00380163    -9.80899 
              35.944   0.362177  -0.136908 -0.0384158 0.00107847 -0.0226842  0.0437428 36.8726       0       0   -0.011 -0.02329 0.081845 -0.00470815   -0.006417  0.00829412 2.89429e-05  6.6131e-06 0.000248161  -0.0106078 -0.00327818   -0.264223   0.0102519 -0.00392419    -9.80899 
              36.044    0.33921  -0.160051 -0.0534878 0.00220795 -0.0201765  0.0403396 36.8726       0       0   -0.011 -0.02329 0.081845 0.00380211 0.00757964  -0.006826 4.68656e-05 2.40284e-05 0.000252823  -0.0107773 -0.00355569   -0.263691   0.0103318 -0.00377953    -9.80899 
              36.144   0.351109  -0.160922 -0.0563748 0.00294728 -0.0227564  0.0438799 36.8726       0       0   -0.011 -0.02329 0.081845  0.00427616 -0.00405779   0.0055727 4.06864e-05  2.7445e-05 0.000247522  -0.0108141 -0.00325605   -0.264235   0.0103464 -0.00393441    -9.80899 
              36.244   0.358377   -0.15793 -0.0631466 0.00276831 -0.0231126  0.0446979 36.8726       0       0   -0.011 -0.02329 0.081845   0.0013043 -0.00359055  0.00538242 4.35021e-05 1.81808e-05 0.000244949  -0.0107546 -0.00326188   -0.264278   0.0103192 -0.00393305    -9.80899 
              36.344   0.333361   -0.16384 -0.0580494 0.00244084 -0.0213099  0.0394464 36.8726       0       0   -0.011 -0.02329 0.081845 -0.000613879   0.00332954    -0.014746 4.84694e-05 1.15696e-05  0.00024629  -0.010706 -0.0034159  -0.263514  0.0103023 -0.0038373   -9.80899 
              36.468   0.311734  -0.174885 -0.0563113 0.00333228 -0.0179042  0.0346841 36.8726       0       0   -0.011 -0.02329 0.081845 0.00212835  0.0142075 -0.0244314 6.07706e-05 1.64873e-05 0.000242874   -0.010811 -0.00368307   -0.263173   0.0103532 -0.00370616    -9.80899 
              36.548   0.352216  -0.160835 -0.0536305 0.00283748 -0.0216398  0.0418788 36.8726       0       0   -0.011 -0.02329 0.081845 -0.00140211  -0.0031144   0.0055338 3.80527e-05 1.01437e-05 0.000246597  -0.0107392 -0.00324701   -0.264431   0.0103086 -0.00393978    -9.80899 
              36.644   0.337961  -0.179319 -0.0731648 0.00261038 -0.0241397  0.0451906 36.8726       0       0   -0.011 -0.02329 0.081845 -0.00320526 -0.00938178    0.013539 5.21437e-05  2.0837e-05 0.000249981 -0.0107404 -0.0030266  -0.264797   0.0103052 -0.00404911    -9.80899 
              36.748   0.344525  -0.165253 -0.0562007 0.00234594 -0.0209407  0.0403146 36.8726       0       0   -0.011 -0.02329 0.081845 -0.00340033  0.00500083 -0.00795755  3.60025e-05 -3.94519e-07  0.000237704  -0.0107451 -0.00339667   -0.263993   0.0103163 -0.00386071    -9.80899 
              36.844   0.343368  -0.160882 -0.0515604 0.00206773 -0.0187695  0.0376062 36.8726       0       0   -0.011 -0.02329 0.081845 -0.00337162   0.0116498  -0.0154372  4.73378e-05 -1.38772e-05  0.000238051  -0.010752 -0.0035553  -0.263746   0.0103227 -0.00378307    -9.80899 
              36.944   0.361909  -0.135445 -0.0427425 0.00130969  -0.020663  0.0403539 36.8726       0       0   -0.011 -0.02329 0.081845 -0.00535478 0.000657341 -0.00258583  3.90134e-05 -3.01263e-05   0.00023171  -0.0107101 -0.00327763   -0.264304   0.0102973 -0.00392272    -9.80899 
              37.044   0.364071  -0.154358 -0.0490284 0.00140501  -0.023216  0.0431783 36.8726       0       0   -0.011 -0.02329 0.081845 -0.00361371 -0.00895908  0.00644251  3.89666e-05 -1.92209e-06  0.000220489  -0.0107803 -0.00303602   -0.264697   0.0103242 -0.00404195    -9.80899 
              37.144   0.367106  -0.130339 -0.0449685 0.00211718 -0.0189661   0.038586 36.8726       0       0   -0.011 -0.02329 0.081845 0.00334684  0.0119101 -0.0110414  5.29248e-05 -2.29592e-05  0.000221503 -0.010874 -0.003506 -0.264059   0.0103708 -0.00381439    -9.80899 
              37.244   0.340391  -0.170303 -0.0612347 0.00252599 -0.0186943  0.0382687 36.8726       0       0   -0.011 -0.02329 0.081845  0.00251347  0.00864217 -0.00962311 5.44375e-05 9.03404e-06 0.000236997 -0.0108899 -0.0034189  -0.264163   0.0103772 -0.00385623    -9.80899 
              37.364  0.358986 -0.149682 -0.048381 0.00307916 -0.0209845  0.0402762 36.8726       0       0   -0.011 -0.02329 0.081845   0.00588548  -0.00738392 -0.000768809  4.10404e-05 -1.59689e-06  0.000232909  -0.0109069 -0.00312989    -0.26453   0.0103833 -0.00399528    -9.80899 
              37.444   0.373229  -0.145606 -0.0480019 0.00219577 -0.0227308  0.0426538 36.8726       0       0   -0.011 -0.02329 0.081845 0.00120276  -0.013135 0.00708755  3.17087e-05 -4.10496e-06   0.00025055  -0.0107547 -0.00304871   -0.264859   0.0103154 -0.00404131    -9.80899 
              37.544  0.366742 -0.142417 -0.042656 0.00228442 -0.0218175  0.0418693 36.8726       0       0   -0.011 -0.02329 0.081845 0.000882779 -0.00452859  0.00183967   3.5756e-05 -7.38205e-06  0.000233914  -0.0107568 -0.00326312   -0.264694   0.0103172 -0.00394277    -9.80899 
              37.644   0.361957  -0.143603 -0.0458067 0.00156983 -0.0201993  0.0400392 36.8726       0       0   -0.011 -0.02329 0.081845 -0.00257319  0.00388214 -0.00546168   4.0436e-05 -4.41453e-06  0.000232168  -0.0106788 -0.00345337   -0.264452   0.0102848 -0.00385212    -9.80899 
              37.744   0.355357  -0.147102 -0.0391266 0.00240689 -0.0211916  0.0413604 36.8726       0       0   -0.011 -0.02329 0.081845   0.00288737  -0.00268565 -0.000244701  4.50935e-05 -5.65617e-06  0.000225049  -0.0107895 -0.00333912   -0.264697  0.0103313 -0.0039101   -9.80899 
              37.844  0.383279 -0.146769 -0.042414 0.00203831 -0.0230119  0.0440064 36.8726       0       0   -0.011 -0.02329 0.081845 0.00183937 -0.0114959 0.00742979 2.76128e-05 4.20459e-06  0.00022714   -0.010724 -0.00321358   -0.265049   0.0103016 -0.00397604    -9.80899 
              37.944   0.369018  -0.151588 -0.0545905 0.00203822 -0.0229213  0.0423376 36.8726       0       0   -0.011 -0.02329 0.081845 0.000958251 -0.00716415 -0.00149131  3.40696e-05 -3.17823e-06  0.000248957  -0.0107057 -0.00331062   -0.264762   0.0102948 -0.00392459    -9.80899 
              38.044   0.356751  -0.152324 -0.0484017 0.00204184 -0.0212372  0.0397049 36.8726       0       0   -0.011 -0.02329 0.081845 -0.000893449   0.00371625   -0.0103556 4.73645e-05 8.38915e-06 0.000245495  -0.0107028 -0.00352231   -0.264476   0.0102943 -0.00382428    -9.80899 
              38.144    0.34358   -0.17542 -0.0564278 0.00298381 -0.0212175  0.0410649 36.8726       0       0   -0.011 -0.02329 0.081845 0.000556841  0.00567804 -0.00369046 6.80996e-05 2.38586e-05 0.000249348  -0.0108249 -0.00349429   -0.264779   0.0103451 -0.00384686    -9.80899 
              38.244   0.378619  -0.160909 -0.0481942 0.00156016 -0.0227011  0.0443727 36.8726       0       0   -0.011 -0.02329 0.081845  -0.00634478 -0.000350084   0.00756175 4.47205e-05 2.16334e-06 0.000245881  -0.0106883 -0.00331864   -0.265227   0.0102847 -0.00393621    -9.80899 
              38.344   0.347815  -0.176682 -0.0611598 0.00233979 -0.0231928   0.044137 36.8726       0       0   -0.011 -0.02329 0.081845  -0.00297117 -4.03976e-05   0.00278245 5.82097e-05 4.40703e-06 0.000256387  -0.0108363 -0.00324537   -0.265107   0.0103481 -0.00396355    -9.80899 
              38.444   0.357849  -0.163678 -0.0585596 0.00174877 -0.0205912  0.0405423 36.8726       0       0   -0.011 -0.02329 0.081845 -0.00200884   0.0112823  -0.0110518  5.07404e-05 -2.59066e-06   0.00026432  -0.0108015 -0.00345533   -0.264653   0.0103377 -0.00386027    -9.80899 
              38.544   0.34745 -0.154088 -0.048619 0.00239922 -0.0201514  0.0399215 36.8726       0       0   -0.011 -0.02329 0.081845 -0.000489374    0.0109463   -0.0108342 5.01348e-05 1.10561e-05  0.00026305  -0.0108919 -0.00338533   -0.264713    0.010375 -0.00389174    -9.80899 
              38.644   0.372891  -0.167944 -0.0524471 0.00204688  -0.022825  0.0442446 36.8726       0       0   -0.011 -0.02329 0.081845   -0.002461 -0.00229653  0.00557137 3.59123e-05 2.21951e-05 0.000274884  -0.0108625 -0.00306946   -0.265361   0.0103572 -0.00404379    -9.80899 
              38.744   0.381864  -0.159055 -0.0955269 0.00271972 -0.0226439  0.0450845 36.8726       0       0   -0.011 -0.02329 0.081845 -0.000622821   0.00105329   0.00561226 3.23402e-05 2.78543e-05 0.000294929  -0.0109595 -0.00311403   -0.265406   0.0103973 -0.00402677    -9.80899 
              38.844   0.360056  -0.162101 -0.0594103 0.00185496 -0.0206902  0.0404329 36.8726       0       0   -0.011 -0.02329 0.081845 -0.00384752  0.00680191  -0.0127704 3.19369e-05 1.56443e-05 0.000266991  -0.0108786 -0.00323823   -0.264781   0.0103678 -0.00395466    -9.80899 
              38.944  0.334452 -0.151268 -0.047088  0.0015161 -0.0191868  0.0372006 36.8726       0       0   -0.011 -0.02329 0.081845 -0.00425997  0.00988504  -0.0201388 4.62286e-05 1.80738e-05 0.000256515  -0.0108809 -0.00329021   -0.264548   0.0103706 -0.00392551    -9.80899 
              39.044   0.365868  -0.156759 -0.0475628 0.00185428 -0.0229162  0.0424586 36.8726       0       0   -0.011 -0.02329 0.081845 -0.00142717 -0.00847806   0.0029013 3.35097e-05 3.08276e-05 0.000263085  -0.0109441 -0.00292249   -0.265419   0.0103888 -0.00410544    -9.80899 
              39.144   0.363732  -0.173265 -0.0571436 0.00307229 -0.0242589  0.0442409 36.8726       0       0   -0.011 -0.02329 0.081845  0.00326913 -0.00972932  0.00695647 4.41484e-05  2.4168e-05 0.000274088  -0.0110776 -0.00289392   -0.265604   0.0104423 -0.00412355    -9.80899 
              39.244   0.345081  -0.179314 -0.0653644  0.0033902 -0.0219611  0.0412715 36.8726       0       0   -0.011 -0.02329 0.081845 0.000373306 0.000457498 -0.00492065 5.72377e-05 3.19076e-05 0.000274825  -0.0110999 -0.00318604   -0.265183   0.0104548 -0.00399068    -9.80899 
              39.344   0.342772  -0.176433 -0.0643902 0.00244541 -0.0204436  0.0388466 36.8726       0       0   -0.011 -0.02329 0.081845 -0.00552018  0.00675146  -0.0102401 5.36554e-05 3.16459e-05 0.000274533 -0.0110148 -0.0032993  -0.264956   0.0104222 -0.00393699    -9.80899 
              39.444   0.366837  -0.177258 -0.0597072  0.0025494 -0.0231694  0.0465318 36.8726       0       0   -0.011 -0.02329 0.081845 -0.00416689 -0.00871774   0.0787059  5.0988e-05 3.05951e-05 0.000272791  -0.0110748 -0.00304638   -0.265667  0.0104394 -0.0040617   -9.80899 
              39.544   0.277855  -0.145817 -0.0489766 0.00225974  -0.027477   0.058339 36.8726       0       0   -0.011 -0.02329 0.081845 -0.0106192 -0.0205731   0.146065 4.75254e-05 2.13219e-05 0.000268624 -0.0110997 -0.0027295  -0.265756   0.0104473 -0.00419257    -9.80899 
              39.644  0.016231 -0.250478 -0.126138 0.000971554  -0.0340913   0.0683285 36.8726       0       0   -0.011 -0.02329 0.081845 -0.0106035 -0.0447007    0.16018  5.25175e-05 -7.94368e-06  0.000311279  -0.0110169 -0.00222385   -0.264913   0.0104199 -0.00437406    -9.80899 
              39.744  -0.233099  -0.153292 -0.0628038 -0.000343691   -0.0448905    0.0832479 36.8726       0       0   -0.011 -0.02329 0.081845 -0.0212714 -0.0594205   0.169416 5.00912e-05 1.35333e-06 0.000275413  -0.0110054 -0.00152682   -0.264571   0.0104156 -0.00465717    -9.80899 
              39.844 -0.309481 -0.307599 -0.150986 -0.00113425   -0.057536     0.10345 36.8726       0       0   -0.011 -0.02329 0.081845 -0.0136982 -0.0871567   0.194221  3.21528e-05 -6.83599e-06  0.000339713   -0.0110786 -0.000857739    -0.264792   0.0104345 -0.00492841    -9.80899 
              39.944  -0.349077 -0.0739785 0.00671635 -0.00128204  -0.0724306    0.125944 36.8726       0       0   -0.011 -0.02329 0.081845 -0.019203  -0.10122  0.207615 3.94329e-05 2.63088e-05 0.000250817   -0.0112563 -0.000125621    -0.265051    0.010491 -0.00521731    -9.80899 
              40.044  -0.554617  -0.186653 -0.0454327 -0.00168542  -0.0847247    0.147683 36.8726       0       0   -0.011 -0.02329 0.081845 -0.0101305  -0.105227   0.211107 4.32163e-05  2.1773e-05   0.0002902  -0.0113756 0.000166908   -0.265143   0.0105326 -0.00533066    -9.80899 
              40.144  -0.895314  -0.268759 -0.0858197 -0.000889303   -0.0938328     0.166515 36.8726       0       0   -0.011 -0.02329 0.081845 -0.00193605  -0.0918582    0.205156 6.44207e-05 2.23377e-05 0.000326153 -0.0115543 0.00011069   -0.26487   0.0106074 -0.00534259    -9.80899 
              40.244 -0.996257 -0.109336 0.0130844 -0.00189519   -0.102019    0.188606 36.8726       0       0   -0.011 -0.02329 0.081845 -0.0120661 -0.0688081   0.209684 5.09787e-05 5.62457e-05 0.000257262 -0.0115099 0.00011785  -0.265075   0.0105865 -0.00531105    -9.80899 
              40.344   -1.02806 -0.0906414  0.0575253 -0.00344692   -0.110607    0.213454 36.8726       0       0   -0.011 -0.02329 0.081845 -0.0116574 -0.0644059   0.217147 4.93427e-05 6.44741e-05 0.000241189  -0.0114231 0.000338892   -0.265536   0.0105461 -0.00530684    -9.80899 
              40.444   -0.849109 -0.00580678   0.0968665 -0.00309275    -0.11608    0.235825 36.8726       0       0   -0.011 -0.02329 0.081845 -0.0097578 -0.0487436   0.209005 4.69919e-05 8.08675e-05 0.000212897  -0.0115781 0.000308419   -0.265683   0.0106062 -0.00525891    -9.80899 
              40.544  -0.732008 -0.0631893  0.0565612 -0.00437374   -0.121772    0.262177 36.8726       0       0   -0.011 -0.02329 0.081845 -0.0081079 -0.0374141   0.212758  1.7175e-05 4.89623e-05 0.000230105  -0.0115185 0.000479582    -0.26637   0.0105872 -0.00516384    -9.80899 
              40.644   -0.78746  -0.172608 -0.0429092 -0.00583561   -0.127131    0.287727 36.8726       0       0   -0.011 -0.02329 0.081845 -0.0108156 -0.0363917   0.212538 -2.1551e-07 1.12162e-05 0.000281074  -0.0114286 0.000679741   -0.266896   0.0105601 -0.00512053    -9.80899 
              40.748  -0.725604  -0.163249 -0.0630772 -0.00554944   -0.132103    0.314873 36.8726       0       0   -0.011 -0.02329 0.081845 -0.00355334  -0.0237544    0.209241 1.12089e-06 2.23566e-05 0.000281186   -0.011542 0.000861152   -0.267519   0.0106112 -0.00504711    -9.80899 
              40.844 -0.623636 0.0948475 0.0741908 -0.00451515   -0.130121    0.335832 36.8726       0       0   -0.011 -0.02329 0.081845 0.00354549 0.00301313   0.196417 -2.06215e-05  3.25531e-05  0.000183009  -0.0117317 0.000439607   -0.267791   0.0106802 -0.00483158    -9.80899 
              40.944  -0.658775 -0.0345655 -0.0193952 -0.0043878  -0.127138   0.353595 36.8726       0       0   -0.011 -0.02329 0.081845 0.0052003  0.011511   0.17532 1.21468e-05 1.58592e-05 0.000229104  -0.0116957 0.000198429   -0.267746   0.0106649 -0.00475171    -9.80899 
              41.044   -0.683968 -0.00449901 -0.00793341 -0.00415221   -0.122156     0.37028 36.8726       0       0   -0.011 -0.02329 0.081845 0.00605169  0.0323136   0.155475 1.71348e-05 7.98237e-06 0.000212305   -0.0116631 -0.000121529    -0.267849  0.0106522 -0.0046128   -9.80899 
              41.144   -0.432069 -0.00381593   -0.019511 -0.00237571   -0.114935     0.38343 36.8726       0       0   -0.011 -0.02329 0.081845 0.00896693  0.0516603   0.128676 2.24657e-05 2.76785e-05 0.000221391  -0.0117787 -0.00046196   -0.267807   0.0106942 -0.00449051    -9.80899 
              41.244 -0.277269 0.0137015 -0.018236 -0.00252906   -0.105026    0.397897 36.8726       0       0   -0.011 -0.02329 0.081845 0.00745612  0.0732963   0.113242  1.5669e-05 8.54642e-06 0.000210451  -0.0116829 -0.00090276   -0.268205   0.0106664 -0.00425672    -9.80899 
              41.344 -0.301752 -0.270826 -0.197219 -0.00179641  -0.0938933    0.406081 36.8726       0       0   -0.011 -0.02329 0.081845 0.00694789  0.0841539  0.0871624  2.38981e-05 -3.36805e-05  0.000312087  -0.0116691 -0.00126756    -0.26808   0.0106562 -0.00414509    -9.80899 
              41.444 -0.146832 -0.305868 -0.238917 -0.00133578   -0.083097    0.416429 36.8726       0       0   -0.011 -0.02329 0.081845 0.00297066   0.096781  0.0770889  4.40519e-05 -4.10417e-05  0.000319049  -0.0116469 -0.00150174   -0.268393   0.0106527 -0.00402152    -9.80899 
              41.544 -0.0664789  -0.290164  -0.246631 -0.00101284  -0.0710679    0.424946 36.8726       0       0   -0.011 -0.02329 0.081845 -0.00209071    0.102311   0.0699451  5.51112e-05 -2.93952e-05  0.000321602  -0.0116618 -0.00178649   -0.268597   0.0106638 -0.00390013    -9.80899 
              41.644  0.260657  -0.34018 -0.267703 -0.00160087   -0.059665    0.434926 36.8726       0       0   -0.011 -0.02329 0.081845 -0.00374289    0.104514   0.0658101  4.99153e-05 -4.97093e-05  0.000334206  -0.0116221 -0.00199107   -0.269004   0.0106554 -0.00379275    -9.80899 
              41.744  0.510386 -0.428721 -0.319368 -0.00182686  -0.0475919    0.440356 36.8726       0       0   -0.011 -0.02329 0.081845 -0.00853345      0.1027   0.0512266    6.281e-05 -4.45052e-05  0.000372296  -0.0116291 -0.00220504   -0.269001  0.0106662 -0.0037199   -9.80899 
              41.844  0.596118 -0.262074 -0.179653 -0.00394352  -0.0368119    0.446522 36.8726       0       0   -0.011 -0.02329 0.081845 -0.0177908  0.0933414  0.0427126  5.16124e-05 -1.87992e-05  0.000298115  -0.0114941 -0.00233985   -0.269201   0.0106159 -0.00366396    -9.80899 
              41.948   0.600788  -0.113076 -0.0596544 -0.00626613  -0.0276294    0.451872 36.8726       0       0   -0.011 -0.02329 0.081845 -0.0155451  0.0805897  0.0321233 4.21863e-05 1.55537e-05 0.000243448  -0.0114461 -0.00238889   -0.269368   0.0105944 -0.00364882    -9.80899 
              42.044   0.816085  -0.105958 -0.0123351 -0.00564893  -0.0173865    0.453928 36.8726       0       0   -0.011 -0.02329 0.081845 -0.0120447  0.0758232  0.0223642  3.3071e-05 3.23575e-05 0.000232416 -0.0116857 -0.0027042  -0.269379  0.0106978 -0.0035511   -9.80899 
              42.144  0.838987 -0.100364 0.0175139 -0.00754779 -0.00876638    0.457667 36.8726       0       0   -0.011 -0.02329 0.081845 -0.0139437  0.0680208  0.0194806 2.20362e-05 2.43449e-05 0.000227792  -0.0116184 -0.00292253   -0.269621   0.0106712 -0.00349354    -9.80899 
               42.26    0.890063   -0.170373 0.000379281 -0.0105046 0.00350514    0.45357 36.8726       0       0   -0.011 -0.02329 0.081845  -0.0147787   0.0688355 -0.00384251   5.0754e-06 -1.06277e-05  0.000239089  -0.0114532 -0.00325315   -0.269153   0.0106256 -0.00332881    -9.80899 
              42.344  0.588132 -0.202947 -0.017281 -0.00959179   0.0110373    0.449397 36.8726       0       0   -0.011 -0.02329 0.081845 -0.0030052  0.0560189 -0.0162441 1.60997e-05 2.70504e-05  0.00025581 -0.0116622 -0.0034137  -0.268812    0.010707 -0.00322597    -9.80899 
              42.444 0.811716 0.102974 0.163248 -0.0101787  0.0167652   0.450179 36.8726       0       0   -0.011 -0.02329 0.081845 -0.00382172   0.0510131  -0.0146656 3.24246e-05 4.75579e-05 0.000151687  -0.0116709 -0.00353813   -0.269097   0.0107046 -0.00321667    -9.80899 
              42.544 0.869812 0.201771 0.205496 -0.0113788  0.0261628   0.444317 36.8726       0       0   -0.011 -0.02329 0.081845 -0.00173391    0.059346  -0.0307918 2.79791e-05 4.02574e-05 0.000123067  -0.0115824 -0.00391173   -0.268775   0.0106669 -0.00303951    -9.80899 
              42.648  0.53724 0.183299 0.174043 -0.0115817  0.0353028    0.43499 36.8726       0       0   -0.011 -0.02329 0.081845 -0.00178618   0.0475892  -0.0408744 2.64046e-05 1.79444e-05 0.000138449  -0.0115662 -0.00413462   -0.268211   0.0106453 -0.00288328    -9.80899 
              42.744 0.516582 0.195397 0.149713 -0.0103998  0.0418336   0.427342 36.8726       0       0   -0.011 -0.02329 0.081845 0.00856175  0.0483632 -0.0451883 2.06321e-05 1.39782e-06 0.000138476  -0.0116677 -0.00425769   -0.267849   0.0106636 -0.00278567    -9.80899 
              42.844  0.784875  0.101308 0.0520968 -0.00785175   0.0449196    0.425098 36.8726       0       0   -0.011 -0.02329 0.081845  0.0149795  0.0322631 -0.0316227 2.36438e-05  3.5399e-06 0.000192904  -0.0118199 -0.00418982   -0.268019  0.0107304 -0.0028204   -9.80899 
              42.944   0.902565 -0.0159787 -0.0717368 -0.00617431   0.0469178    0.422284 36.8726       0       0   -0.011 -0.02329 0.081845 0.0139025 0.0161945  -0.02885  2.37183e-06 -2.53936e-05  0.000243101  -0.0118085 -0.00410531   -0.268033   0.0107313 -0.00285334    -9.80899 
              43.044 0.567036 -0.09454  -0.1771 -0.00639956   0.0498916    0.413636 36.8726       0       0   -0.011 -0.02329 0.081845  0.0134697 0.00720486  -0.040322  2.38752e-05 -7.57145e-05  0.000298609  -0.0116627 -0.00413774   -0.267464   0.0106413 -0.00278088    -9.80899 
              43.144  0.627776 -0.293912 -0.322032 -0.00420359   0.0526596    0.407147 36.8726       0       0   -0.011 -0.02329 0.081845  0.0163921 0.00759571 -0.0381058  1.09276e-05 -7.55873e-05  0.000373112  -0.0118061 -0.00431607   -0.267218   0.0106758 -0.00268957    -9.80899 
              43.244  0.517523 -0.201513 -0.268197 -0.00411667   0.0533864    0.402173 36.8726       0       0   -0.011 -0.02329 0.081845  0.0137677 0.00144281 -0.0359711  1.36933e-05 -8.36256e-05    0.0003373  -0.0116596 -0.00428642   -0.267065   0.0106185 -0.00267888    -9.80899 
              43.344  0.125241 0.0018333  -0.13371 -0.00314363   0.0521554    0.399348 36.8726       0       0   -0.011 -0.02329 0.081845  0.00801487 -0.00671578  -0.0278075  1.71947e-05 -6.96213e-05  0.000256449  -0.0116533 -0.00419284   -0.267083   0.0106136 -0.00271398    -9.80899 
              43.448  0.0906459  0.0641616 -0.0701051 -0.00399424   0.0515696    0.395702 36.8726       0       0   -0.011 -0.02329 0.081845  0.00250303 -0.00839345  -0.0285066  1.33553e-05 -6.08711e-05  0.000238269  -0.0114925 -0.00420321   -0.266994  0.0105568 -0.0026942   -9.80899 
              43.544  0.211588 -0.203104 -0.203484 -0.0034411   0.050029   0.394389 36.8726       0       0   -0.011 -0.02329 0.081845 0.00636503 -0.0141859 -0.0242002 -4.55227e-07 -8.86866e-05   0.00031802  -0.0115035 -0.00418204   -0.267126  0.0105608 -0.0027086   -9.80899 
              43.644  0.281738 -0.273284 -0.212668 -0.00286937   0.0519372    0.385942 36.8726       0       0   -0.011 -0.02329 0.081845  0.00928433 -0.00616483  -0.0397324   4.5457e-06 -7.68965e-05  0.000335345  -0.0114986 -0.00441986    -0.26659   0.0105642 -0.00260542    -9.80899 
              43.744  0.437788 -0.151062 -0.092522 -0.0019624   0.048146   0.385884 36.8726       0       0   -0.011 -0.02329 0.081845 0.00439084  -0.022839 -0.0192425  2.20986e-05 -5.67078e-05  0.000288455  -0.0115064 -0.00418637   -0.266878   0.0105602 -0.00269407    -9.80899 
              43.844 0.146469 0.131696 0.115205 -0.00378994     0.04937    0.378347 36.8726       0       0   -0.011 -0.02329 0.081845  0.0015762 -0.0164898 -0.0256636  6.52448e-07 -1.13809e-05  0.000193822  -0.0112795 -0.00443337   -0.266351   0.0104918 -0.00259278    -9.80899 
              43.944  0.230332 0.0475427  0.117431 -0.00251073   0.0451836     0.37884 36.8726       0       0   -0.011 -0.02329 0.081845  0.0116161 -0.0261574 -0.0125203 -1.27454e-05  2.70985e-05  0.000215566  -0.0114016 -0.00427828   -0.266571   0.0105314 -0.00265046    -9.80899 
              44.044   0.29536 0.0831947   0.15501 -0.00133312   0.0436972    0.373822 36.8726       0       0   -0.011 -0.02329 0.081845  0.0044257   -0.03187 -0.0133253 1.02789e-05 1.11168e-05  0.00021996  -0.0114239 -0.00431495   -0.266185   0.0105368 -0.00263222    -9.80899 
              44.144   0.115107 -0.0275893   0.088519 -0.00137099   0.0389064    0.374777 36.8726       0       0   -0.011 -0.02329 0.081845 0.00169086 -0.0302215 -0.0013228 7.72213e-06 1.62679e-05 0.000269785  -0.0113041 -0.00418696   -0.266344   0.0105021 -0.00268393    -9.80899 
              44.248   0.0837468   -0.154302 -0.00789786 0.00101687  0.0320965   0.379785 36.8726       0       0   -0.011 -0.02329 0.081845  0.0116937 -0.0420818  0.0126977 9.80366e-06 2.58367e-05 0.000307599  -0.0114811 -0.00396665   -0.266777   0.0105829 -0.00275337    -9.80899 
              44.344   0.203121  -0.154418 -0.0508752 0.00285904  0.0277507   0.381668 36.8726       0       0   -0.011 -0.02329 0.081845  0.0129609 -0.0461631  0.0119635 -8.29001e-06  1.17386e-06  0.000318375  -0.0115351 -0.00396972   -0.266855   0.0106032 -0.00275009    -9.80899 
              44.444   0.139896 -0.0611055 -0.0280737 0.00312786  0.0243139   0.378888 36.8726       0       0   -0.011 -0.02329 0.081845   0.0112764  -0.0457626 -0.00284857  1.84489e-05 -1.35689e-05  0.000289147  -0.0114339 -0.00400396   -0.266497   0.0105591 -0.00274128    -9.80899 
              44.544  0.127639 -0.123312 -0.099524 0.00339403  0.0234773   0.371438 36.8726       0       0   -0.011 -0.02329 0.081845 0.00569426 -0.0357059  -0.018054  1.81675e-05 -3.11385e-05  0.000321864  -0.0113546 -0.00421773   -0.265846   0.0105149 -0.00267177    -9.80899 
              44.644  0.033762 -0.119313 -0.130247 0.00481014  0.0204697   0.374627 36.8726       0       0   -0.011 -0.02329 0.081845 0.00950996 -0.0315348 0.00655684  1.07175e-05 -3.11142e-05  0.000317888  -0.0114331 -0.00435925   -0.266316   0.0105472 -0.00262015    -9.80899 
              44.744 -0.00342585   -0.154978   -0.164602 0.00546945  0.0156493   0.377117 36.8726       0       0   -0.011 -0.02329 0.081845 0.00789922 -0.0351067  0.0122646  2.16377e-05 -4.80622e-05  0.000342409  -0.0114249 -0.00421807   -0.266452   0.0105452 -0.00266652    -9.80899 
              44.844 -0.140136 -0.330132 -0.259372 0.00639147 0.00996593   0.381508 36.8726       0       0   -0.011 -0.02329 0.081845  0.0106527 -0.0406278  0.0182401  2.94595e-05 -4.23913e-05  0.000387049  -0.0114234 -0.00407028   -0.266723   0.0105442 -0.00271173    -9.80899 
              44.944 -0.0909116  -0.123779  -0.139651 0.00578613  0.0078443   0.379382 36.8726       0       0   -0.011 -0.02329 0.081845 -0.000550288   -0.0383028   0.00660957  3.38891e-05 -2.46699e-05  0.000324986  -0.0113268 -0.00417366   -0.266385   0.0105156 -0.00268448    -9.80899 
              45.044 0.0787224 -0.297387 -0.229529 0.00571877 0.00580207   0.381687 36.8726       0       0   -0.011 -0.02329 0.081845 0.000883259  -0.0245504  0.00843378  8.94961e-06 -3.92106e-06  0.000379772  -0.0113172 -0.00431194   -0.266598  0.0105152 -0.0026257   -9.80899 
              45.144 -0.106236 -0.183287 -0.159556 0.00359886 0.00700062   0.376791 36.8726       0       0   -0.011 -0.02329 0.081845  -0.0109234  -0.0116423 -0.00844261   2.4845e-05 -1.07409e-05  0.000340502  -0.0111045 -0.00456578   -0.266128   0.0104606 -0.00255551    -9.80899 
              45.244 -0.201188 -0.175528 -0.140035 0.00352091 0.00357091   0.380798 36.8726       0       0   -0.011 -0.02329 0.081845 -0.00791192  -0.0227143   0.0055691 -8.10761e-07 -1.42297e-05  0.000331105  -0.0112064 -0.00447353    -0.26656   0.0104835 -0.00256771    -9.80899 
              45.344   0.14151 -0.160615 -0.113503  0.00274902 0.000660951     0.38348 36.8726       0       0   -0.011 -0.02329 0.081845 -0.00618526  -0.0203891  0.00577673  5.91315e-06 -6.19046e-06   0.00032153  -0.0111999 -0.00441173   -0.266781   0.0104755 -0.00257492    -9.80899 
              45.444   0.192947  -0.090566 -0.0582515  0.00263587 -0.00309299    0.388993 36.8726       0       0   -0.011 -0.02329 0.081845 -0.00442836  -0.0231393   0.0159854 3.44997e-05 3.08008e-05 0.000302159  -0.0112955 -0.00434814   -0.267238   0.0104979 -0.00257318    -9.80899 
              45.544   0.239407  -0.102355 -0.0372018  0.00132596 -0.00196769    0.384224 36.8726       0       0   -0.011 -0.02329 0.081845  -0.0123591  -0.0203597 -0.00300154 3.93048e-05 2.95526e-05  0.00029455  -0.0112207 -0.00460499    -0.26671   0.0104862 -0.00251174    -9.80899 
              45.644  0.0972075  -0.219463 -0.0748879 9.98918e-05 -0.00590334    0.387792 36.8726       0       0   -0.011 -0.02329 0.081845 -0.0117932 -0.0223262 0.00443361 3.40367e-05 2.60565e-05 0.000329538  -0.0111773 -0.00448996   -0.267076   0.0104667 -0.00253898    -9.80899 
              45.744  0.128552 -0.105714 0.0138181 -0.000520622  -0.00776659     0.390966 36.8726       0       0   -0.011 -0.02329 0.081845 -0.00938106  -0.0207479  0.00936622 2.33921e-05 7.25187e-05 0.000292681  -0.0112399 -0.00462145   -0.267382  0.0104838 -0.0024924   -9.80899 
              45.844    0.167691 -0.00785876   0.0692829 -0.00314298 -0.00581965     0.38552 36.8726       0       0   -0.011 -0.02329 0.081845 -0.0194614  -0.013733  -0.011126 3.02511e-05 4.60617e-05 0.000268116  -0.0110714 -0.00491712   -0.266858   0.0104321 -0.00240513    -9.80899 
              45.944  0.0911076  -0.195326 -0.0296897 -0.00326193 -0.00850503    0.388108 36.8726       0       0   -0.011 -0.02329 0.081845 -0.00784642  -0.0154611 -0.00404905 3.02864e-05 5.20659e-05 0.000324538  -0.0112197 -0.00487302   -0.267222   0.0104796 -0.00241278    -9.80899 
              46.044   0.136839  -0.148738 -0.0258658 -0.00387405  -0.0100473    0.387884 36.8726       0       0   -0.011 -0.02329 0.081845 -0.00556146  -0.0189856 -0.00456915  3.6085e-05 3.93369e-05 0.000305942 -0.0112268 -0.0049239  -0.267251   0.0104807 -0.00239566    -9.80899 
              46.144   0.329307 -0.0197523  0.0407424  -0.0038122 -0.00965948    0.387528 36.8726       0       0   -0.011 -0.02329 0.081845 -0.00411056  -0.0117769 -0.00603512 2.73703e-05 7.94036e-05 0.000260066  -0.0113098 -0.00511657   -0.267338   0.0105036 -0.00233101    -9.80899 
              46.244 -0.0203677  0.0393732  0.0533158 -0.00493576  -0.0113304    0.389349 36.8726       0       0   -0.011 -0.02329 0.081845  -0.0047254   -0.015446 -0.00125105 -2.85924e-06  7.31186e-05  0.000244935  -0.0112313 -0.00512973   -0.267578   0.0104792 -0.00232623    -9.80899 
              46.344 -0.0389826  0.0324774  0.0225518 -0.00616191  -0.0102259    0.385185 36.8726       0       0   -0.011 -0.02329 0.081845  -0.0118744 -0.00276742  -0.0137902 9.64873e-06 3.56353e-05 0.000262462  -0.0111351 -0.00529394   -0.267256    0.010443 -0.00227878    -9.80899 
              46.444  -0.150281 -0.0162793 -0.0140879 -0.00608436 -0.00886157    0.382029 36.8726       0       0   -0.011 -0.02329 0.081845 0.000126704  0.00365058  -0.0175912 2.80396e-05 3.83589e-05 0.000279247  -0.0112019 -0.00541915    -0.26712   0.0104599 -0.00223892    -9.80899 
              46.544   -0.35528  0.0375287 -0.0125789   -0.005576 -0.00727594    0.378864 36.8726       0       0   -0.011 -0.02329 0.081845 0.00049535  0.0112814 -0.0194344 3.75443e-05 3.56022e-05 0.000260304  -0.0112891 -0.00552217   -0.266994  0.0104829 -0.0022072   -9.80899 
              46.644 -0.0337866  -0.212954  -0.169538 -0.00693692 -0.00899046    0.385969 36.8726       0       0   -0.011 -0.02329 0.081845  -0.00251851 -0.000180976   0.00892442 4.40672e-06 2.80469e-05 0.000339756   -0.011125 -0.00537373    -0.26782   0.0104558 -0.00221312    -9.80899 
              46.744  0.105498 -0.308965 -0.240117 -0.00617411 -0.00941395    0.389048 36.8726       0       0   -0.011 -0.02329 0.081845 0.00037044 0.00258949  0.0098147 5.50522e-06  3.6325e-05 0.000376769  -0.0112575 -0.00533754   -0.268047   0.0105032 -0.00220973    -9.80899 
              46.844 0.211361 -0.36721 -0.29585 -0.00702444  -0.0089898    0.387892 36.8726       0       0   -0.011 -0.02329 0.081845 -0.00624318   0.0069327 -0.00193881 2.58218e-05 2.94861e-06 0.000414476  -0.0111524 -0.00531818   -0.267869  0.0104678 -0.0022241   -9.80899 
              46.944 0.0987063 -0.153668  -0.15115 -0.0088297 -0.0111494   0.392737 36.8726       0       0   -0.011 -0.02329 0.081845 -0.0112603 -0.0055237  0.0106843 -4.81251e-06   9.7486e-06  0.000326206   -0.011009 -0.00519548   -0.268311   0.0104204 -0.00223547    -9.80899 
              47.044   0.191748  0.0431487 -0.0295031 -0.0112825 -0.0109896   0.395271 36.8726       0       0   -0.011 -0.02329 0.081845  -0.0178131 -0.00139123   0.0112181 -2.11072e-05  1.50403e-05   0.00026288  -0.0108943 -0.00531206   -0.268495   0.0103881 -0.00219058    -9.80899 
              47.144 0.0534921 -0.203915 -0.174374  -0.0128137 -0.00943951    0.394997 36.8726       0       0   -0.011 -0.02329 0.081845 -0.0131832 0.00249552 0.00502569 -1.89568e-05 -8.27975e-07  0.000356543  -0.0108978 -0.00552246   -0.268411  0.0103975 -0.0021299   -9.80899 
              47.244  0.104694 -0.331605 -0.242263  -0.0131998 -0.00939587    0.396309 36.8726       0       0   -0.011 -0.02329 0.081845 -0.0109141 0.00183458 0.00161861 -1.80948e-05  4.67464e-06  0.000379224 -0.0109651 -0.0055188   -0.26852   0.0104169 -0.00213041    -9.80899 
              47.344  -0.238391  0.0295213 -0.0222567  -0.0155723 -0.00609836    0.390674 36.8726       0       0   -0.011 -0.02329 0.081845 -0.0135154 0.00760237 -0.0175019  1.8683e-06 1.54376e-05 0.000264604  -0.0108369 -0.00573457   -0.268047     0.01039 -0.00206829    -9.80899 
              47.444  -0.04724 0.0395644 0.0187955  -0.0167412 -0.00685512    0.396019 36.8726       0       0   -0.011 -0.02329 0.081845 -0.00685771   0.0141587 -0.00232241 -2.18128e-05  3.14175e-05  0.000252573  -0.0108472 -0.00572295   -0.268727    0.010386 -0.00205323    -9.80899 
              47.544 0.274812 0.202551 0.143117  -0.0180294 0.000737879    0.387976 36.8726       0       0   -0.011 -0.02329 0.081845 -0.0131093  0.0224993 -0.0219584 -1.18709e-05  6.72435e-05  0.000198989  -0.0108097 -0.00623555   -0.268118   0.0103861 -0.00191062    -9.80899 
              47.644  0.262337 0.0303052 0.0674254 -0.0187837 0.00463059   0.384018 36.8726       0       0   -0.011 -0.02329 0.081845 -0.00370437   0.0192149  -0.0255595 -1.67617e-05  6.95944e-05  0.000252184 -0.0108368 -0.0063917  -0.267997   0.0103934 -0.00186597    -9.80899 
              47.744    0.404394   -0.115604 0.000448858 -0.0183984 0.00283136   0.386165 36.8726       0       0   -0.011 -0.02329 0.081845 -0.00301522  0.00917246 -0.00976826 1.74194e-05 7.10779e-05 0.000299323  -0.0109395 -0.00611535   -0.268354    0.010437 -0.00193754    -9.80899 
              47.844   0.634134   -0.22038 -0.0593777 -0.0184895 0.00190059    0.38824 36.8726       0       0   -0.011 -0.02329 0.081845 0.00279995 -0.0054045 -0.0025803 -8.92832e-06  5.96919e-05  0.000336804  -0.0109238 -0.00606623   -0.268623   0.0104396 -0.00195265    -9.80899 
              47.944  0.651056 0.0384573 0.0696674 -0.0205105 0.00479219   0.384561 36.8726       0       0   -0.011 -0.02329 0.081845 -0.00791443  0.00268784  -0.0136942 -2.81267e-05  5.32673e-05  0.000247538   -0.010709 -0.00635119   -0.268385   0.0103606 -0.00187371    -9.80899 
              48.044 0.173349 0.267354 0.189851 -0.0208459 0.00404633   0.379504 36.8726       0       0   -0.011 -0.02329 0.081845 0.000284623 -0.00916137  -0.0251494 1.98199e-05 4.67555e-05 0.000172937  -0.0107402 -0.00622974   -0.268005  0.0103634 -0.0018859   -9.80899 
              48.144   0.17005  0.155176 0.0975396 -0.0205105 0.00327795   0.380322 36.8726       0       0   -0.011 -0.02329 0.081845  0.00459643 -0.00841134  -0.0128457 4.27202e-06 2.79998e-05  0.00021557  -0.0107595 -0.00632094   -0.268337    0.010379 -0.00187774    -9.80899 
              48.244 -0.0174104   0.089337   0.027322 -0.0180004 0.00186282   0.381081 36.8726       0       0   -0.011 -0.02329 0.081845    0.012959  -0.0112484 -0.00816566 -2.75949e-06  1.79313e-05  0.000227964  -0.0109345 -0.00631704   -0.268539   0.0104398 -0.00188007    -9.80899 
              48.344 0.00661967   0.088993 -0.0106021 -0.0162547  0.0038314    0.37597 36.8726       0       0   -0.011 -0.02329 0.081845   0.0153714 -0.00645035   -0.015736 5.08788e-06 4.34017e-06 0.000223987  -0.0109825 -0.00652645   -0.268186   0.0104302 -0.00180131    -9.80899 
              48.444    0.23459 -0.0872299  -0.148363 -0.0148467 0.00306618   0.376724 36.8726       0       0   -0.011 -0.02329 0.081845   0.0148592  -0.0113931 -0.00303815  3.36765e-06 -1.13812e-05  0.000281852 -0.0109332 -0.0065336  -0.268391    0.010426 -0.00180145    -9.80899 
              48.544 0.241711 -0.12172 -0.18012 -0.0145412 0.00331014   0.372558 36.8726       0       0   -0.011 -0.02329 0.081845 0.00573134 -0.0116821  -0.010876  1.66295e-05 -2.71092e-05  0.000300395  -0.0108265 -0.00659868   -0.268036   0.0103766 -0.00178269    -9.80899 
              48.644   0.42819 -0.234854 -0.249959 -0.0139196 0.00397268   0.370341 36.8726       0       0   -0.011 -0.02329 0.081845   0.0016706 -0.00858092 -0.00836904 -4.58272e-06 -3.42056e-05  0.000347218  -0.0107944 -0.00676775   -0.267959   0.0103635 -0.00173288    -9.80899 
              48.744  0.328957 -0.178762 -0.187522 -0.0132751 0.00167204   0.372176 36.8726       0       0   -0.011 -0.02329 0.081845  0.00624954  -0.0142653 0.000704272 -1.85431e-05  -1.9331e-05  0.000309817  -0.0108292 -0.00671282   -0.268181   0.0103783 -0.00175168    -9.80899 
              48.844  0.271429 -0.316552 -0.241055  -0.0131251 -0.00420678    0.375912 36.8726       0       0   -0.011 -0.02329 0.081845 0.00512371 -0.0329053 0.00852261  1.25922e-06 -1.91461e-05  0.000347978  -0.0108243 -0.00636863    -0.26845   0.0103715 -0.00185174    -9.80899 
              48.944  0.310173 -0.398336 -0.259579  -0.0131705 -0.00341911    0.370052 36.8726       0       0   -0.011 -0.02329 0.081845 -0.000733782   -0.0212895   -0.0112045 -4.10745e-06  6.32854e-06  0.000376758  -0.0108026 -0.00666437    -0.26788   0.0103765 -0.00175505    -9.80899 
              49.044  0.291862 -0.325442 -0.177979  -0.0147235 -0.00243498    0.365769 36.8726       0       0   -0.011 -0.02329 0.081845 -0.00561018  -0.0206365  -0.0145114 5.07451e-06  1.1314e-05 0.000337836   -0.010675 -0.00692332   -0.267628    0.010353 -0.00166926    -9.80899 
              49.144 0.0978798 -0.302614 -0.125973  -0.0164542 -0.00506282    0.365177 36.8726       0       0   -0.011 -0.02329 0.081845   -0.016438  -0.0203162 -0.00647893  1.7165e-05 2.31156e-05 0.000327534  -0.0105617 -0.00684799   -0.267675   0.0103161 -0.00168706    -9.80899 
              49.244  0.0226973 -0.0374692  0.0710929  -0.0174488 -0.00829451    0.366203 36.8726       0       0   -0.011 -0.02329 0.081845 -0.0147702 -0.0296641 0.00644931 3.11181e-05 6.07758e-05 0.000225288  -0.0106173 -0.00680715    -0.26778   0.0103261 -0.00170235    -9.80899 
              49.344   0.352139 -0.0695338  0.0900285 -0.0181686 -0.0116607   0.369341 36.8726       0       0   -0.011 -0.02329 0.081845 -0.0074884 -0.0302633  0.0125071 4.51279e-05 9.95645e-05 0.000238503   -0.010673 -0.00677736   -0.268016   0.0103326 -0.00171215    -9.80899 
              49.444 0.0418052  0.130989  0.222351 -0.0191581 -0.0146817   0.370124 36.8726       0       0   -0.011 -0.02329 0.081845 -0.00547733  -0.0315471   0.0074614 4.79085e-05 0.000100757 0.000167175  -0.0106607 -0.00681191   -0.267988     0.01033 -0.00170215    -9.80899 
              49.544 0.238668 0.111162 0.210674 -0.0189105 -0.0172888   0.371951 36.8726       0       0   -0.011 -0.02329 0.081845 -0.00319877  -0.0262105  0.00766584 3.42418e-05 0.000104581 0.000175325  -0.0107362 -0.00690457   -0.268127    0.010348 -0.00167139    -9.80899 
              49.644 0.160669 0.097659 0.199248 -0.0180301 -0.0231701   0.377585 36.8726       0       0   -0.011 -0.02329 0.081845 -0.000754807   -0.0339617    0.0175296 5.39299e-05 0.000115121 0.000164391   -0.010825 -0.00668118   -0.268539   0.0103829 -0.00172697    -9.80899 
              49.744 -0.10413 0.119153 0.165217 -0.0188232 -0.0220475   0.371897 36.8726       0       0   -0.011 -0.02329 0.081845  0.00210347  -0.0204228 -0.00578656 5.78346e-05 6.33122e-05 0.000159528  -0.0107427 -0.00699371   -0.267951   0.0103319 -0.00164932    -9.80899 
              49.844  -0.275269 -0.0568637  0.0141294 -0.0181888 -0.0213654   0.370327 36.8726       0       0   -0.011 -0.02329 0.081845  0.00553659  -0.0138752 -0.00578426 5.22732e-05  2.1579e-05 0.000223656   -0.010794 -0.00722487   -0.267915    0.010332 -0.00157974    -9.80899 
              49.944 -0.214779 -0.153189 -0.104297 -0.0156456 -0.0240309   0.373544 36.8726       0       0   -0.011 -0.02329 0.081845  0.0155314 -0.0169325  0.0048407 4.88177e-05 1.47057e-05 0.000271967  -0.0109497 -0.00715436   -0.268252    0.010392 -0.00157732    -9.80899 
              50.044   0.244048  0.0462743 -0.0383905 -0.0142962  -0.024472   0.373076 36.8726       0       0   -0.011 -0.02329 0.081845   0.0186307 -0.00703702 -0.00111569 7.25283e-05 3.91901e-05 0.000211163  -0.0109295 -0.00722664   -0.268203   0.0103816 -0.00155912    -9.80899 
              50.144    0.317637    0.173659 -0.00649756 -0.0132062 -0.0261856   0.376415 36.8726       0       0   -0.011 -0.02329 0.081845  0.0177184 -0.0142161 0.00751286 5.78825e-05 5.94199e-05 0.000169783  -0.0108495 -0.00720768   -0.268523   0.0103713 -0.00154757    -9.80899 
              50.264   0.162115   0.247692 0.00484077 -0.0119723 -0.0279462   0.380233 36.8726       0       0   -0.011 -0.02329 0.081845  0.0200517 -0.0195167  0.0103075 3.27194e-05 5.90637e-05 0.000141276  -0.0107262 -0.00730262   -0.268821  0.0103489 -0.0015122   -9.80899 
              50.344    0.332142     0.29561 -0.00236415 -0.00927503  -0.0258561    0.373662 36.8726       0       0   -0.011 -0.02329 0.081845   0.0251413 -0.00611077  -0.0163381  7.5398e-05 6.51923e-05 0.000121196  -0.010868 -0.0075349  -0.268193   0.0103587 -0.00146612    -9.80899 
              50.444  0.359858  0.208846 -0.074941 -0.00760932  -0.0282748    0.376917 36.8726       0       0   -0.011 -0.02329 0.081845   0.0234428  -0.0169496 -0.00478678 6.45742e-05 3.20264e-05 0.000147493  -0.0107359 -0.00746509   -0.268649    0.010348 -0.00147981    -9.80899 
              50.548  0.0220596 -0.0587199  -0.258385 -0.00549802  -0.0291977    0.374163 36.8726       0       0   -0.011 -0.02329 0.081845  0.0240632 -0.0128183   -0.01172 0.000101797 3.42183e-05 0.000248883  -0.0107439 -0.00753066   -0.268452   0.0103379 -0.00146224    -9.80899 
              50.644  0.232578 -0.510009  -0.53425 -0.00409538  -0.0270797    0.370274 36.8726       0       0   -0.011 -0.02329 0.081845   0.0251402 -0.00487613  -0.0154338  9.09901e-05 -3.05613e-05  0.000402592  -0.0106273 -0.00783766   -0.268248   0.0102947 -0.00137718    -9.80899 
              50.744   0.26384 -0.243362 -0.372274 -0.00228078  -0.0270159    0.371816 36.8726       0       0   -0.011 -0.02329 0.081845    0.019672 -0.00516073 -0.00372482 6.97301e-05 5.60954e-07 0.000297194  -0.0105984 -0.00797599   -0.268552   0.0102985 -0.00133987    -9.80899 
              50.844   0.309855 -0.0385221  -0.213544 -0.00136898  -0.0323603    0.378025 36.8726       0       0   -0.011 -0.02329 0.081845  0.0130481 -0.0226469  0.0108566 5.11656e-05 3.40439e-05 0.000224903  -0.0105205 -0.00761967   -0.269097   0.0102687 -0.00143368    -9.80899 
              50.948   0.241206 -0.0171353  -0.152982 -0.000498714   -0.0368559     0.382147 36.8726       0       0   -0.011 -0.02329 0.081845  0.0136805 -0.0258636 0.00914534 6.46862e-05 3.48606e-05 0.000208266   -0.010455 -0.00744469   -0.269373   0.0102412 -0.00147766    -9.80899 
              51.044 -0.0223222  0.0377555 -0.0749559 -0.00121502  -0.0352317    0.379203 36.8726       0       0   -0.011 -0.02329 0.081845  0.00927016  -0.0186685 -0.00386233 3.50072e-05 3.43851e-05  0.00017982  -0.0102472 -0.00781949    -0.26912   0.0102075 -0.00136129    -9.80899 
              51.144 0.0524359 -0.139462  -0.13533 -0.000274228   -0.0335588     0.374191 36.8726       0       0   -0.011 -0.02329 0.081845  0.00778477 -0.00879722  -0.0207811 4.47234e-05 4.36944e-05 0.000241199  -0.0102425 -0.00806651   -0.268789   0.0102174 -0.00129193    -9.80899 
              51.244 0.101898 -0.15827 -0.11096 0.000371971   -0.031834    0.370181 36.8726       0       0   -0.011 -0.02329 0.081845  0.00448844 -0.00558545  -0.0237366 5.70438e-05 5.80773e-05  0.00023849  -0.0102132 -0.00825716   -0.268674   0.0102144 -0.00123856    -9.80899 
              51.356  0.0907664  -0.150085 -0.0695765 -0.000157687   -0.0316309     0.367691 36.8726       0       0   -0.011 -0.02329 0.081845  0.00403557 -0.00110862  -0.0257486 7.11048e-05 5.99377e-05 0.000230721  -0.0101509 -0.00829138    -0.26871    0.010198 -0.00122782    -9.80899 
              51.448  0.118154 -0.508476 -0.265085 -0.000499697   -0.0305859     0.366617 36.8726       0       0   -0.011 -0.02329 0.081845 -0.00554022   0.0024173  -0.0262157 6.49484e-05 4.98989e-05 0.000349847  -0.0101168 -0.00844306   -0.268875   0.0101878 -0.00118291    -9.80899 
              51.544  0.312173 -0.566413 -0.268935 -0.0016529 -0.0289423   0.362829 36.8726       0       0   -0.011 -0.02329 0.081845 -0.00663696  0.00980854  -0.0381207 5.79824e-05  4.0316e-05 0.000365458  -0.0100476 -0.00856239   -0.268823  0.0101698 -0.0011517   -9.80899 
              51.644  0.221728 -0.398112 -0.150062 -0.00314286  -0.0283632    0.361267 36.8726       0       0   -0.011 -0.02329 0.081845  -0.0154573 0.000727408  -0.0334236 6.00165e-05 5.80494e-05 0.000288827  -0.0100102 -0.00860365   -0.269048   0.0101511 -0.00113717    -9.80899 
              51.744  0.173106 -0.176466 0.0153348 -0.0051309 -0.0293949   0.359152 36.8726       0       0   -0.011 -0.02329 0.081845  -0.0193183 -0.00158001  -0.0375807 8.66869e-05 7.98394e-05 0.000195955 -0.00998253 -0.00850626    -0.26917  0.0101356 -0.0011599   -9.80899 
              51.844  0.321433 -0.142825   0.06088 -0.00721098  -0.0278792    0.357079 36.8726       0       0   -0.011 -0.02329 0.081845  -0.020162 0.00577463 -0.0383947 4.63798e-05 8.73489e-05 0.000192091 -0.0099694 -0.0087696  -0.269413   0.0101266 -0.00109062    -9.80899 
              51.944  0.390907 -0.157287 0.0653941 -0.00861689  -0.0267989    0.354299 36.8726       0       0   -0.011 -0.02329 0.081845 -0.0207066  0.0149066 -0.0444651 3.81974e-05 0.000101247 0.000190015   -0.010044 -0.00888933   -0.269568   0.0101405 -0.00106025    -9.80899 
              52.044  0.162486 -0.202933 0.0261488 -0.0110664 -0.0261259   0.348606 36.8726       0       0   -0.011 -0.02329 0.081845  -0.0205524 -0.00113502  -0.0509998 5.73092e-05 6.55687e-05 0.000210188 -0.00997495 -0.00882961   -0.269461   0.0101267 -0.00107517    -9.80899 
              52.144 -0.175156 -0.197409 0.0104798 -0.0127315 -0.0234391   0.343509 36.8726       0       0   -0.011 -0.02329 0.081845 -0.0139917  0.0127818 -0.0553699 3.84849e-05 5.77633e-05 0.000207674  -0.0100396 -0.00910432   -0.269545   0.0101359 -0.00100312    -9.80899 
              52.244  0.0426224  -0.203349 -0.0147972  -0.014667 -0.0186391   0.335215 36.8726       0       0   -0.011 -0.02329 0.081845 -0.0209676  0.0238085 -0.0684062 4.18522e-05 3.89985e-05 0.000211463 -0.0100074 -0.0094098  -0.269391    0.0101238 -0.000919182     -9.80899 
              52.344   0.301083 -0.0844675  0.0163023 -0.0163139 -0.0171878   0.332681 36.8726       0       0   -0.011 -0.02329 0.081845 -0.0149639  0.0201636 -0.0613767 4.40499e-05 5.34858e-05 0.000173078  -0.0100347 -0.00942481   -0.269802    0.0101221 -0.000906309     -9.80899 
              52.444  0.440442 0.0374089 0.0495584  -0.0174768 -0.00957839    0.316765 36.8726       0       0   -0.011 -0.02329 0.081845 -0.00190478   0.0281064  -0.0913356 5.64279e-05 3.75511e-05 0.000129219  -0.0100918 -0.00981699   -0.269027    0.0101412 -0.000815564     -9.80899 
              52.544  0.298299 0.0878059 0.0288082  -0.0200747 -0.00133843    0.299469 36.8726       0       0   -0.011 -0.02329 0.081845 -0.0149318  0.0443643  -0.111231  5.63221e-05 -4.07534e-06  0.000137415 -0.00984779  -0.0102502   -0.268348    0.0100762 -0.000713921     -9.80899 
              52.644 0.476395 0.427769 0.195143 -0.0220328 0.00604275   0.285714 36.8726       0       0   -0.011 -0.02329 0.081845 -0.010552 0.0466759  -0.11422 5.84448e-05 2.64834e-06 1.31364e-05 -0.00974382  -0.0105759    -0.26814    0.0100441 -0.000635052     -9.80899 
              52.744 0.577664 0.516221 0.198903 -0.0211289 0.00895422   0.275967 36.8726       0       0   -0.011 -0.02329 0.081845 0.00442043  0.0334499  -0.107458  6.28733e-05  4.71791e-06 -6.46891e-06 -0.00989364  -0.0104477   -0.268271   0.0100883 -0.00066499    -9.80899 
              52.844 0.514663 0.451115 0.112767 -0.0204671  0.0140438   0.262086 36.8726       0       0   -0.011 -0.02329 0.081845 0.00867615  0.0309955  -0.114358  6.55229e-05 -3.51624e-05   2.2547e-05 -0.00991197  -0.0105751   -0.267999     0.010072 -0.000622581     -9.80899 
              52.944  0.442703  0.117217 -0.132369 -0.0169061   0.012773   0.256791 36.8726       0       0   -0.011 -0.02329 0.081845  0.0223337  0.0126372 -0.0970172  6.85655e-05 -4.53437e-05  0.000125513 -0.0100827 -0.0102915  -0.268543   0.0101765 -0.00071021    -9.80899 
              53.044  0.615785 0.0274269 -0.235298 -0.0167615  0.0133098   0.247223 36.8726       0       0   -0.011 -0.02329 0.081845  0.0169462 0.00592548 -0.0991018  7.50891e-05 -8.73456e-05  0.000171047 -0.00985318  -0.0102473   -0.268549    0.0101209 -0.000730423     -9.80899 
              53.144   0.549572 -0.0329098  -0.296975 -0.0149803  0.0084961   0.245317 36.8726       0       0   -0.011 -0.02329 0.081845   0.017769 -0.0138195 -0.0804013    9.606e-05 -7.41519e-05  0.000179214 -0.00978105 -0.00993111    -0.26927    0.0101738 -0.000860186     -9.80899 
              53.248  0.679901  0.118756 -0.230217 -0.0150592  0.0136608   0.226388 36.8726       0       0   -0.011 -0.02329 0.081845   0.0168472 -0.00360966   -0.111703  8.36055e-05 -0.000103596  0.000138573 -0.00961379  -0.0103997   -0.268334    0.0100669 -0.000663432     -9.80899 
              53.344  0.339282 0.0665032 -0.239842 -0.0113318  0.0112785   0.222105 36.8726       0       0   -0.011 -0.02329 0.081845  0.0264745 -0.0139954 -0.0917612  9.17939e-05 -9.02997e-05  0.000154906 -0.00985521  -0.0103459   -0.268988    0.0101631 -0.000746024     -9.80899 
              53.444   0.111499 -0.0517721   -0.30537 -0.0104273  0.0124534   0.208295 36.8726       0       0   -0.011 -0.02329 0.081845   0.0275861 -0.00364987   -0.105631  8.61843e-05 -0.000104649  0.000201739 -0.00966018  -0.0104735   -0.268544    0.0101007 -0.000669478     -9.80899 
              53.544 -0.0742211   0.068817  -0.203682 -0.00859608   0.0123398    0.196344 36.8726       0       0   -0.011 -0.02329 0.081845   0.0176712 -0.00315316   -0.104571  9.38726e-05 -7.08925e-05  0.000150103 -0.00963297  -0.0104884   -0.268364    0.0100889 -0.000655244     -9.80899 
              53.644  0.0992125 -0.0918789  -0.281106 -0.00845422     0.01581    0.179015 36.8726       0       0   -0.011 -0.02329 0.081845  0.0113274 0.00874241  -0.122023  0.000105319 -0.000102066  0.000202292 -0.00940359  -0.0107547   -0.267675    0.0100255 -0.000561758     -9.80899 
              53.744  0.261818 -0.135211 -0.265805 -0.00861154   0.0165415    0.165645 36.8726       0       0   -0.011 -0.02329 0.081845 0.00781804 0.00858393  -0.124725  0.000114704 -0.000105571  0.000205788 -0.00923846   -0.010739   -0.267537   0.00998061 -0.000559503     -9.80899 
              53.844    0.4482 -0.117654 -0.203468 -0.00762919   0.0151032    0.156307 36.8726       0       0   -0.011 -0.02329 0.081845  0.00838083 -0.00641856   -0.111629   0.00011438 -7.69788e-05  0.000182998 -0.00926114  -0.0105585   -0.267829   0.00998324 -0.000601441     -9.80899 
              53.944  0.290964 -0.196711 -0.223361 -0.00649599  0.00974209    0.149589 36.8726       0       0   -0.011 -0.02329 0.081845  0.0110471 -0.0219756  -0.101639   0.00012094 -4.29636e-05  0.000205625 -0.00929989  -0.0101369    -0.26825   0.00997905 -0.000702011     -9.80899 
              54.044  0.350882 -0.151889 -0.157868 -0.0071921 0.00832927   0.140661 36.8726       0       0   -0.011 -0.02329 0.081845 0.00919891  -0.019039 -0.0990298  0.000125005 -2.78402e-05  0.000198496 -0.0091362 -0.0102213  -0.268396   0.00994175 -0.000677368     -9.80899 
              54.144  0.0382686 -0.0932995 -0.0920586 -0.00728609  0.00652194    0.131565 36.8726       0       0   -0.011 -0.02329 0.081845 0.00553274 -0.0229689 -0.0962738  0.000125337 -3.82363e-05  0.000174444 -0.00907379  -0.0102622   -0.268477  0.00992677 -0.00066699    -9.80899 
              54.244  -0.007682 -0.0381942 -0.0255929 -0.00758955  0.00318848     0.12439 36.8726       0       0   -0.011 -0.02329 0.081845 9.39974e-05  -0.0276927  -0.0921439 0.000121253 -1.2504e-05 0.000152099 -0.00901363  -0.0102069   -0.268743   0.00990717 -0.000680767     -9.80899 
              54.344   0.426674 -0.0252959  0.0120561 -0.00924671   0.0029443    0.111883 36.8726       0       0   -0.011 -0.02329 0.081845 -0.00775126  -0.0157651   -0.108282 0.000137202 -4.5203e-06 0.000152599 -0.00881222  -0.0103735   -0.268461   0.00986222 -0.000641126       -9.809 
              54.444 0.235313 0.106958 0.119534 -0.00833571 -0.00102349    0.105068 36.8726       0       0   -0.011 -0.02329 0.081845  0.0019043 -0.0243301 -0.0993637 0.000127015 3.66501e-05 0.000102863 -0.00896679  -0.0102137   -0.268892   0.00990243 -0.000675353     -9.80899 
              54.544  0.180934 0.0857333  0.116204   -0.0076122 -0.000739631    0.0913813 36.8726       0       0   -0.011 -0.02329 0.081845 0.00477866 -0.0181576  -0.113145 0.000127785 3.50281e-05 0.000114962 -0.00904474   -0.010422   -0.268548   0.00991077 -0.000623778     -9.80899 
              54.644  -0.201717 -0.0694149  0.0177638 -0.00638254 -0.00219519   0.0777855 36.8726       0       0   -0.011 -0.02329 0.081845  0.00395488 -0.00887986   -0.390528 0.000114983 2.08926e-05 0.000166624 -0.00914498  -0.0104611   -0.268718   0.00993792 -0.000610383     -9.80899 
              54.744 -0.208114 -0.347854 -0.170967 -0.00897526  0.00600481    0.017015 36.8726       0       0   -0.011 -0.02329 0.081845 -0.0828737   0.101352  -0.591381 0.000159996 2.40019e-05 0.000270161 -0.00928299   -0.010909   -0.268025   0.00993292 -0.000510362     -9.80899 
              54.844 -0.109371 -0.243157  -0.10565   -0.01093  0.0243648 0.00081849 36.8726       0       0   -0.011 -0.02329 0.081845 -0.0581349   0.149066  -0.444802 0.000250714 2.74871e-05 0.000238967 -0.00995891  -0.0119617   -0.273052   0.0101033 1.35828e-06    -9.80899 
              54.944 -0.0773157  -0.112105 -0.0406064 -0.0123166  0.0281579  0.0126151 36.8726       0       0   -0.011 -0.02329 0.081845 -0.0390367   0.125648  -0.255655  0.000212297 -4.98207e-05  0.000215963 -0.0104257 -0.0110089  -0.279415   0.0101818 0.000144571    -9.80899 
              55.044 -0.0506989  -0.114554 -0.0439721 -0.0106885  0.0213749  0.0322844 36.8726       0       0   -0.011 -0.02329 0.081845 -0.0183832  0.0657296  -0.105466  0.000179841 -6.20399e-05  0.000219557  -0.0110115 -0.00913984    -0.28439   0.0102414 2.20996e-05    -9.80899 
              55.144 -0.0382111  -0.101141 -0.0438812 -0.00899664    0.013375   0.0487582 36.8726       0       0   -0.011 -0.02329 0.081845 -0.00485234    0.018717  -0.0168579  0.000165341 -8.26554e-05  0.000205835  -0.0113664 -0.00771834   -0.287306    0.0102796 -0.000122982     -9.80899 
              55.244 -0.0510449  -0.191789 -0.0666905 -0.00466633  0.00931079   0.0546584 36.8726       0       0   -0.011 -0.02329 0.081845    0.0125853 -0.000631609   0.00816063  0.000158609 -3.37106e-05  0.000215584  -0.0118528 -0.00713147   -0.288104    0.0103857 -0.000209833     -9.80899 
              55.344 -0.0215169  -0.202217 -0.0970036 -0.00427587  0.00784489   0.0592216 36.8726       0       0   -0.011 -0.02329 0.081845 0.00984634 -0.0050289  0.0216095  0.000134269 -2.43113e-05  0.000235445  -0.0117668 -0.00699978   -0.288512    0.0103628 -0.000217217     -9.80899 
              55.444 -0.0292502  -0.197224 -0.0929727 -0.0053933 0.00558568  0.0625918 36.8726       0       0   -0.011 -0.02329 0.081845 0.00277744 -0.0109762  0.0264998  0.000140102 -1.78382e-05  0.000223576  -0.0115498 -0.00681688   -0.288624    0.0103116 -0.000253879     -9.80899 
              55.544 -0.00844259    -0.18744  -0.0872129 -0.00590785  0.00324254   0.0658591 36.8726       0       0   -0.011 -0.02329 0.081845 0.000779846  -0.0156781   0.0293181   0.00012706 -2.32378e-05  0.000204365  -0.0114647 -0.00669289   -0.288674    0.0102909 -0.000279575     -9.80899 
              55.644 -0.0113339  -0.210557 -0.0892524 -0.0040704  0.0043007  0.0627232 36.8726       0       0   -0.011 -0.02329 0.081845  0.00836809 -0.00660075   0.0104163  0.000130551 -9.71315e-06   0.00019648  -0.0116291 -0.00693017   -0.288024    0.0103403 -0.000258237     -9.80899 
              55.744 -0.000814246    -0.206293      -0.1041 -0.00522626  0.00630567   0.0619277 36.8726       0       0   -0.011 -0.02329 0.081845 0.00182517 0.00351732 0.00578133  0.000121395 -6.86137e-06   0.00020468  -0.0114278 -0.00718623    -0.28784    0.0102987 -0.000206423     -9.80899 
              55.844 0.00136037  -0.183389 -0.0818844 -0.0047516 0.00714759  0.0600786 36.8726       0       0   -0.011 -0.02329 0.081845  0.00417921  0.00497757 -0.00133332  0.000121967 -1.52108e-05  0.000196847  -0.0114443 -0.00722295   -0.287564  0.0103081 -0.0002106   -9.80899 
              55.944  0.0233825  -0.189523 -0.0837307 -0.00505183  0.00439871   0.0653001 36.8726       0       0   -0.011 -0.02329 0.081845  0.00211976 -0.00639315    0.017184  0.000114788 -9.70056e-06  0.000196855  -0.0113763 -0.00692097   -0.288126    0.0102796 -0.000254703     -9.80899 
              56.044  0.0185075  -0.189688 -0.0845234 -0.00585422   0.0073289   0.0607988 36.8726       0       0   -0.011 -0.02329 0.081845 -0.000195379   0.00551087  -0.00175852  0.000120277 -3.68068e-06  0.000195283  -0.0112607 -0.00724853   -0.287461   0.0102672 -0.00020705    -9.80899 
              56.144  0.0237116  -0.174656 -0.0790851 -0.00603227  0.00618689   0.0616419 36.8726       0       0   -0.011 -0.02329 0.081845  4.13671e-05 -0.000607768   0.00195172  0.000109333 -1.02244e-06  0.000190437 -0.0112387 -0.0070822  -0.287553    0.0102599 -0.000241084     -9.80899 
              56.244  0.0206224   -0.17403 -0.0806123 -0.00532864  0.00452677    0.063808 36.8726       0       0   -0.011 -0.02329 0.081845  0.00385506 -0.00571662  0.00922957 0.000107298 3.92365e-06 0.000188869  -0.0113015 -0.00693261   -0.287749    0.0102706 -0.000267688     -9.80899 
              56.344  0.0389514  -0.238614 -0.0894637 -0.00387313  0.00555852   0.0636913 36.8726       0       0   -0.011 -0.02329 0.081845  0.00821466 0.000201376  0.00708348 0.000103492 4.49973e-05 0.000198885  -0.0114135 -0.00709312   -0.287643   0.0102978 -0.00023576    -9.80899 
              56.444  0.0429697  -0.173788 -0.0803213 -0.00646412  0.00746809   0.0605696 36.8726       0       0   -0.011 -0.02329 0.081845 -0.00335565  0.00614444  -0.0047452 0.000107985 7.14071e-06 0.000195441  -0.0110574 -0.00725396   -0.287223    0.0102244 -0.000213943     -9.80899 
              56.544  0.0327324  -0.181805 -0.0658739 -0.0054993 0.00575609  0.0616665 36.8726       0       0   -0.011 -0.02329 0.081845  0.00229886 -0.00215304 0.000981161  0.00010915 9.65154e-06 0.000189829  -0.0111805 -0.00703169   -0.287369    0.0102492 -0.000258983     -9.80899 
              56.644  0.0398068  -0.183629 -0.0763867 -0.00512615  0.00351326   0.0647977 36.8726       0       0   -0.011 -0.02329 0.081845  0.00340667 -0.00897671   0.0113567 0.000109438 1.50243e-05 0.000198023  -0.0111921 -0.00684308   -0.287683    0.0102462 -0.000290604     -9.80899 
              56.744   0.033914  -0.185204 -0.0759285 -0.00522154  0.00540723   0.0615793 36.8726       0       0   -0.011 -0.02329 0.081845  0.00319878 0.000643815 -0.00119797 0.000117816 1.51716e-05 0.000194457  -0.0111398 -0.00710746   -0.287205    0.0102425 -0.000247582     -9.80899 
              56.844   0.021153  -0.196429 -0.0840057 -0.00504888  0.00761299   0.0594664 36.8726       0       0   -0.011 -0.02329 0.081845 0.00388169 0.00893988 -0.0064681 0.000130962 1.63629e-05 0.000195982 -0.0111204 -0.0073206  -0.286985    0.0102418 -0.000207505     -9.80899 
              56.944 0.0266939 -0.184752  -0.07364 -0.00549138  0.00571957   0.0605384 36.8726       0       0   -0.011 -0.02329 0.081845   0.00133998 -0.000778055 -0.000430824 0.000122086 5.10637e-06 0.000188488  -0.0110235 -0.00702901   -0.287152    0.0102173 -0.000266304     -9.80899 
              57.044  0.0430221  -0.186115 -0.0789056 -0.00504559  0.00341366   0.0659244 36.8726       0       0   -0.011 -0.02329 0.081845  0.00309523 -0.00735511   0.0184429    0.0001141 -8.46882e-06  0.000187409  -0.0110559 -0.00682155   -0.287754    0.0102137 -0.000291429     -9.80899 
              57.144  0.0487042  -0.194162 -0.0803932 -0.00534712  0.00574868   0.0625341 36.8726       0       0   -0.011 -0.02329 0.081845  0.0017808  0.0029842 0.00280555  0.000110802 -1.06654e-05  0.000197005   -0.010983 -0.00710909   -0.287181    0.0102083 -0.000247917     -9.80899 
              57.244  0.0444807  -0.212462 -0.0946641 -0.00420495  0.00549629   0.0630565 36.8726       0       0   -0.011 -0.02329 0.081845  0.0058217  0.0015314 0.00483248  0.000107794 -5.53454e-06  0.000209085   -0.011079 -0.00705312   -0.287195    0.0102291 -0.000259845     -9.80899 
              57.344   0.034958  -0.196965 -0.0822037 -0.00444966   0.0058526   0.0599911 36.8726       0       0   -0.011 -0.02329 0.081845  0.00330367  0.00167234 -0.00650376  0.000128636 -2.01924e-05  0.000196518  -0.0109817 -0.00704469    -0.28679    0.0102153 -0.000274607     -9.80899 
              57.444  0.0686355  -0.188158 -0.0805376 -0.00565384   0.0030703   0.0662284 36.8726       0       0   -0.011 -0.02329 0.081845 -0.00165091 -0.00796998   0.0174985  0.000112893 -2.73929e-05  0.000189632  -0.0108322 -0.00677752   -0.287531    0.0101679 -0.000308712     -9.80899 
              57.544  0.0630904  -0.188697 -0.0798644 -0.00536763  0.00462435   0.0642806 36.8726       0       0   -0.011 -0.02329 0.081845 0.000852392 5.72598e-05  0.00683505  0.000113618 -2.18463e-05  0.000182942 -0.0108692 -0.0069998  -0.287134    0.0101841 -0.000272883     -9.80899 
              57.644  0.0427426  -0.216102 -0.0974348 -0.00406957  0.00515353   0.0627658 36.8726       0       0   -0.011 -0.02329 0.081845  0.00558654  0.00236658 0.000411176  0.000134511 -7.70113e-06  0.000198258  -0.0109873 -0.00703599   -0.286884     0.010214 -0.000272709     -9.80899 
              57.748  0.0580339  -0.176863 -0.0777569 -0.00485601  0.00628317   0.0610287 36.8726       0       0   -0.011 -0.02329 0.081845  0.00166689   0.0052442 -0.00389897  0.000129873 -3.54029e-05  0.000191518  -0.0108393 -0.00710622   -0.286687    0.0101858 -0.000262504     -9.80899 
              57.844  0.0814719  -0.181917 -0.0733606 -0.00598788  0.00298746   0.0659403 36.8726       0       0   -0.011 -0.02329 0.081845 -0.00264329 -0.00842785   0.0141855  0.000122732 -3.18087e-05  0.000193129  -0.0107057 -0.00673962   -0.287248     0.010146 -0.000325219     -9.80899 
              57.944  0.0914207   -0.18734 -0.0776958 -0.0061191 0.00598602  0.0618154 36.8726       0       0   -0.011 -0.02329 0.081845 -0.00129599  0.00413582 -0.00219443  0.000117048 -2.66989e-05  0.000185929  -0.0107073 -0.00710344   -0.286662   0.0101572 -0.00026295    -9.80899 
              58.044   0.044147  -0.203327 -0.0914753 -0.004786 0.0053252 0.0616187 36.8726       0       0   -0.011 -0.02329 0.081845   0.0046832 0.000929507 -0.00166281 0.000148278 -2.4756e-05 0.000177515  -0.0108544 -0.00698493    -0.28665    0.0101885 -0.000288758     -9.80899 
              58.144  0.0794328  -0.173727 -0.0737985 -0.00497625  0.00689601    0.059901 36.8726       0       0   -0.011 -0.02329 0.081845  0.00334199  0.00597452 -0.00591871  0.000134609 -4.42649e-05  0.000161646  -0.0107798 -0.00712949   -0.286485   0.0101757 -0.00026169    -9.80899 
              58.244   0.106856  -0.170948 -0.0679574 -0.00531606  0.00384944   0.0654052 36.8726       0       0   -0.011 -0.02329 0.081845  0.00158332 -0.00689488   0.0150174  0.000109698 -4.17473e-05  0.000162983 -0.0107119 -0.0067907  -0.287143    0.0101495 -0.000317142     -9.80899 
              58.344  0.0879615  -0.168452 -0.0658271 -0.00538553   0.0052983   0.0622818 36.8726       0       0   -0.011 -0.02329 0.081845  0.00183551 5.52005e-05  0.00118459   0.00013958 -4.13288e-05  0.000162224  -0.0106746 -0.00697532   -0.286633    0.0101499 -0.000290115     -9.80899 
              58.444  0.0661603  -0.216541 -0.0938899 -0.00419323  0.00571806   0.0615318 36.8726       0       0   -0.011 -0.02329 0.081845   0.00580063   0.00201613 -0.000909499  0.000152747 -1.61828e-05  0.000173702  -0.0107797 -0.00701038   -0.286532    0.0101734 -0.000284898     -9.80899 
              58.544  0.0820859  -0.168247 -0.0677605 -0.00563101  0.00760071   0.0584496 36.8726       0       0   -0.011 -0.02329 0.081845 -0.000370486   0.00733245  -0.00975704  0.000150822 -4.46306e-05  0.000160908  -0.0105679 -0.00715727    -0.28621    0.0101336 -0.000260761     -9.80899 
              58.644   0.100605   -0.17539 -0.0684388 -0.00530171  0.00464826   0.0625132 36.8726       0       0   -0.011 -0.02329 0.081845  0.00179559 -0.00564157  0.00781426  0.000144353 -4.27679e-05  0.000156052  -0.0106006 -0.00682241   -0.286726    0.0101323 -0.000319679     -9.80899 
              58.744  0.0562153  -0.188299 -0.0824847 -0.00498201  0.00287129   0.0635663 36.8726       0       0   -0.011 -0.02329 0.081845  0.00283382 -0.00940743  0.00926802  0.000174299 -3.56697e-05  0.000157147  -0.0106094 -0.00669013   -0.286736    0.0101339 -0.000346964     -9.80899 
              58.844  0.0788707  -0.227931 -0.0888471 -0.00394464   0.0052216   0.0622267 36.8726       0       0   -0.011 -0.02329 0.081845 0.00628017 0.00307917 0.00367051  0.000160489 -1.28819e-05    0.0001532  -0.0106899 -0.00701522   -0.286508    0.0101542 -0.000284577     -9.80899 
              58.944  0.0747573  -0.194458 -0.0824855 -0.00444325  0.00721473   0.0586142 36.8726       0       0   -0.011 -0.02329 0.081845  0.00305971  0.00894078 -0.00856794  0.000173447 -2.82555e-05  0.000158272   -0.010569 -0.00715017   -0.286076   0.0101359 -0.00026596    -9.80899 
              59.056   0.111169  -0.191125 -0.0843706 -0.00494452  0.00502564   0.0634584 36.8726       0       0   -0.011 -0.02329 0.081845 0.000320362 -0.00134555   0.0107126  0.000161655 -3.04231e-05  0.000175285  -0.0104872 -0.00687476   -0.286661   0.0101087 -0.00030909    -9.80899 
               59.16    0.10715  -0.174343 -0.0693687 -0.00534792  0.00305592   0.0654405 36.8726       0       0   -0.011 -0.02329 0.081845 -0.000596232  -0.00823179    0.0140439  0.000167178 -4.19755e-05  0.000168358  -0.0104353 -0.00669871   -0.286732    0.0100966 -0.000343466     -9.80899 
              59.244   0.104889  -0.190043 -0.0741991 -0.00515364  0.00534421   0.0616141 36.8726       0       0   -0.011 -0.02329 0.081845  0.00121193  0.00233273 -0.00170386  0.000165508 -3.39053e-05  0.000186257  -0.0104608 -0.00698816   -0.286163    0.0101114 -0.000295287     -9.80899 
              59.344  0.0853652  -0.197981 -0.0912795 -0.00471843  0.00690733   0.0587705 36.8726       0       0   -0.011 -0.02329 0.081845  0.00299963    0.007173 -0.00959773   0.00017033 -3.03372e-05  0.000201355  -0.0104914 -0.00710952   -0.285849   0.0101224 -0.00027599    -9.80899 
              59.444    0.11369  -0.176178 -0.0717856 -0.00504093  0.00522658   0.0624264 36.8726       0       0   -0.011 -0.02329 0.081845   0.00164826 -0.000790031    0.0060984  0.000152818 -3.98015e-05  0.000181459  -0.0104184 -0.00687893   -0.286375   0.0100997 -0.00031376    -9.80899 
              59.544   0.105861  -0.195644 -0.0803007 -0.00489728  0.00217119   0.0657569 36.8726       0       0   -0.011 -0.02329 0.081845 0.00174278 -0.0116615  0.0154417 0.000157383 -1.2699e-05 0.000177842  -0.0104155 -0.00658041    -0.28666    0.0100945 -0.000369164     -9.80899 
              59.644   0.117889   -0.19679 -0.0791404 -0.00420251  0.00507014   0.0616798 36.8726       0       0   -0.011 -0.02329 0.081845  0.00464636  0.00216229 -0.00142471 0.000164593 -9.0734e-06 0.000171993  -0.0104669 -0.00696974   -0.286049    0.0101143 -0.000301166     -9.80899 
              59.744   0.103203  -0.202707 -0.0933902 -0.00410885  0.00717723   0.0581109 36.8726       0       0   -0.011 -0.02329 0.081845 0.00381784  0.0086499 -0.0119152  0.000177411 -2.30764e-06  0.000179202 -0.010423 -0.007142 -0.285663    0.0101115 -0.000272474     -9.80899 
              59.844   0.101197  -0.162437 -0.0651338 -0.00489044  0.00514159   0.0603492 36.8726       0       0   -0.011 -0.02329 0.081845  0.000644232  -0.00112301 -0.000523283 0.000176882  -2.463e-05 0.000162723  -0.0102905 -0.00685074   -0.286024    0.0100785 -0.000324839     -9.80899 
              59.944   0.135601  -0.186153 -0.0760941 -0.00470122  0.00179219   0.0677505 36.8726       0       0   -0.011 -0.02329 0.081845   0.001294 -0.0114747  0.0251003 0.000157125 1.98223e-06 0.000160074  -0.0103126 -0.00656986   -0.286825    0.0100697 -0.000368912     -9.80899 
              60.044   0.134953  -0.174509 -0.0703776 -0.00576704  0.00642919   0.0608796 36.8726       0       0   -0.011 -0.02329 0.081845 -0.00203198  0.00731541 -0.00348926 0.000144473 1.12717e-06 0.000161595  -0.0101777 -0.00709862   -0.285827   0.0100579 -0.00027832    -9.80899 
              60.144   0.150299  -0.189636 -0.0720853 -0.00483977  0.00415375   0.0637427 36.8726       0       0   -0.011 -0.02329 0.081845  0.00253836 -0.00330326  0.00714347 0.000143334 1.84227e-05 0.000163868  -0.0102935 -0.00680861   -0.286158    0.0100765 -0.000331348     -9.80899 
              60.244   0.118182  -0.200461 -0.0867806 -0.00389501  0.00125006   0.0667754 36.8726       0       0   -0.011 -0.02329 0.081845 0.00540473 -0.0118925  0.0149183 0.000162425 3.59376e-05 0.000183697  -0.0103616 -0.00655022   -0.286389    0.0100873 -0.000379638     -9.80899 
              60.344   0.128341   -0.20819 -0.0864871 -0.00398348  0.00492668    0.062068 36.8726       0       0   -0.011 -0.02329 0.081845  0.00372566  0.00480122 -0.00376816 0.000157223 4.40639e-05 0.000183278   -0.010296 -0.00701473   -0.285722    0.0100823 -0.000295089     -9.80899 
              60.444   0.130464  -0.183952 -0.0818065 -0.00542271  0.00701199   0.0591027 36.8726       0       0   -0.011 -0.02329 0.081845 -0.00236429   0.0101944  -0.0114329 0.000162397  3.3825e-05 0.000175257  -0.0100994 -0.00715739   -0.285433    0.0100478 -0.000269768     -9.80899 
              60.544   0.143463  -0.176143 -0.0630966 -0.00512636  0.00462553   0.0618421 36.8726       0       0   -0.011 -0.02329 0.081845 -8.0848e-05 -0.00172357   0.0016462 0.000154918  2.5053e-05 0.000164882  -0.0101506 -0.00683445   -0.285833     0.010051 -0.000328963     -9.80899 
              60.644    0.15547  -0.167708 -0.0668272 -0.0056399 0.00235266  0.0660461 36.8726       0       0   -0.011 -0.02329 0.081845 -0.00101154 -0.00889959   0.0156589 0.000143444 1.64077e-05 0.000159492  -0.0100981 -0.00665268    -0.28625    0.0100338 -0.000360068     -9.80899 
              60.744   0.161847  -0.187868 -0.0765922 -0.00496161   0.0054182   0.0620732 36.8726       0       0   -0.011 -0.02329 0.081845 0.00256153 0.00485014 -0.0011626 0.000145642 4.96454e-05 0.000163649  -0.0101721 -0.00700149    -0.28569    0.0100567 -0.000297388     -9.80899 
              60.844   0.139899  -0.184979 -0.0851862 -0.00467018  0.00731689   0.0579606 36.8726       0       0   -0.011 -0.02329 0.081845 0.00343748 0.00940581 -0.0137722 0.000157221 4.81257e-05 0.000170227  -0.0101676 -0.00710546   -0.285267     0.010061 -0.000279954     -9.80899 
              60.948    0.13181  -0.178712 -0.0711072 -0.00451312  0.00484164   0.0609316 36.8726       0       0   -0.011 -0.02329 0.081845  0.00314902 -0.00189495 0.000967321 0.000167402 4.18678e-05 0.000154081 -0.0101443 -0.0067987  -0.285693  0.0100512 -0.0003367   -9.80899 
              61.044  0.176289 -0.189076 -0.074917 -0.00498226  0.00184361   0.0673879 36.8726       0       0   -0.011 -0.02329 0.081845 3.44715e-05  -0.0114119   0.0228564 0.000146939 5.68085e-05 0.000153494  -0.0100759 -0.00656998   -0.286343    0.0100297 -0.000376615     -9.80899 
              61.144   0.154009  -0.177989 -0.0709547 -0.00574034   0.0047312   0.0625291 36.8726       0       0   -0.011 -0.02329 0.081845 -0.00184909   0.0019583 0.000965569 0.000154572 4.76656e-05 0.000148585 -0.00998987 -0.00690527   -0.285616    0.0100227 -0.000316772     -9.80899 
              61.244    0.15529  -0.195851 -0.0951464 -0.00422655  0.00695951   0.0610516 36.8726       0       0   -0.011 -0.02329 0.081845  0.00508568   0.0101745 -0.00302652 0.000152479 5.71913e-05 0.000155535 -0.0101634 -0.0071062  -0.285459     0.010058 -0.000279637     -9.80899 
              61.344    0.14391  -0.180105 -0.0756339 -0.00445064  0.00496248   0.0615041 36.8726       0       0   -0.011 -0.02329 0.081845   0.00259842  -0.00114448 -0.000733371 0.000144054 6.03668e-05 0.000150382  -0.0100788 -0.00679532   -0.285508    0.0100407 -0.000338178     -9.80899 
              61.448   0.206665  -0.156458 -0.0647529 -0.00581204   0.0019735   0.0677936 36.8726       0       0   -0.011 -0.02329 0.081845 -0.00287067  -0.0109273   0.0205687 0.000105256 4.68407e-05 0.000136613 -0.00991289 -0.00655464   -0.286177   0.00999988 -0.000379254     -9.80899 
              61.544   0.188105  -0.146616 -0.0597213 -0.00640154  0.00433808   0.0643896 36.8726       0       0   -0.011 -0.02329 0.081845 -0.00309733  0.00052664  0.00389411 0.000110109 4.81703e-05 0.000120278 -0.00987053 -0.00686397   -0.285604   0.00999964 -0.000323623     -9.80899 
              61.644   0.176103  -0.179304 -0.0805424 -0.00497785  0.00492217   0.0632597 36.8726       0       0   -0.011 -0.02329 0.081845   0.00368022   0.00230727 -2.86843e-05 0.000124489  6.4389e-05 0.000123169   -0.010051 -0.00690851   -0.285431    0.0100354 -0.000315805     -9.80899 
              61.744   0.191951  -0.159993 -0.0735039 -0.00455064  0.00536861   0.0623307 36.8726       0       0   -0.011 -0.02329 0.081845  0.00474709  0.00265492 -0.00207483 0.000123315 4.41531e-05 0.000130671  -0.0100488 -0.00692331   -0.285324     0.010036 -0.000312952     -9.80899 
              61.844   0.207374  -0.169199 -0.0688716 -0.00508895 0.000794937   0.0691654 36.8726       0       0   -0.011 -0.02329 0.081845 0.00111465   -0.01435  0.0217425 0.000110177 5.35035e-05  0.00012353 -0.00994071 -0.00647408   -0.286077    0.0100088 -0.000398296     -9.80899 
              61.944   0.175356  -0.204181 -0.0854028 -0.00373513  0.00189421   0.0657912 36.8726       0       0   -0.011 -0.02329 0.081845  0.00586847 -0.00587657   0.0049744 0.000120873 7.58815e-05 0.000131042  -0.0100657 -0.00668643   -0.285482   0.0100377 -0.00035687    -9.80899 
              62.044  0.161529 -0.197985 -0.095639 -0.00374113  0.00390825   0.0641207 36.8726       0       0   -0.011 -0.02329 0.081845  0.00433684  0.00399367 -0.00105709 0.000129852 8.00204e-05 0.000128067  -0.0100044 -0.00693615   -0.285258    0.0100285 -0.000309755     -9.80899 
              62.144   0.177511  -0.170705 -0.0685546 -0.00449202   0.0046126   0.0621767 36.8726       0       0   -0.011 -0.02329 0.081845  0.00106545  0.00427195 -0.00633498 0.000123451 6.13451e-05 0.000108821 -0.00987106 -0.00694767   -0.285052    0.0100064 -0.000306835     -9.80899 
              62.244   0.217733  -0.178179 -0.0658404 -0.00454794 0.000586252   0.0702025 36.8726       0       0   -0.011 -0.02329 0.081845 0.00077536 -0.0107565  0.0229321 0.000100613 7.05523e-05 0.000105091 -0.00986316  -0.0065629   -0.285972   0.00999124 -0.000378014     -9.80899 
              62.344   0.212567  -0.174546 -0.0758712 -0.00461973  0.00213706   0.0667671 36.8726       0       0   -0.011 -0.02329 0.081845 0.00104958   -0.00227 0.00492011 0.000102957 6.87266e-05 9.66319e-05 -0.00983596 -0.00677923   -0.285369   0.00999469 -0.000337735     -9.80899 
              62.444   0.164264  -0.202039 -0.0899625 -0.00398907   0.0029754    0.063328 36.8726       0       0   -0.011 -0.02329 0.081845  0.00297594   0.0016854 -0.00744481 0.000127221 9.02209e-05 0.000102826 -0.00988518 -0.00684522   -0.284936   0.0100093 -0.00032445    -9.80899 
              62.544   0.195385  -0.151124 -0.0670977 -0.00548462  0.00611338   0.0603562 36.8726       0       0   -0.011 -0.02329 0.081845 -0.00193773   0.0126898  -0.0132157 0.000117376 5.11803e-05 9.17884e-05 -0.00969023 -0.00713128   -0.284713   0.00997686 -0.000271257     -9.80899 
              62.648   0.230184  -0.159051 -0.0600751 -0.00496895  0.00221213   0.0658981 36.8726       0       0   -0.011 -0.02329 0.081845 0.000931694 -0.00587347  0.00915875 9.95187e-05 7.57001e-05 8.54316e-05 -0.00976516 -0.00665791   -0.285426   0.00998065 -0.000359284     -9.80899 
              62.744   0.203325  -0.175523 -0.0805657 -0.00420018  0.00227026   0.0656537 36.8726       0       0   -0.011 -0.02329 0.081845  0.00420577 -0.00343137  0.00644619 0.000126342 8.57309e-05 9.56029e-05 -0.00983317 -0.00671013   -0.285301   0.00999428 -0.000349462     -9.80899 
              62.844   0.184467  -0.196628 -0.0841707 -0.00450097  0.00369565   0.0634993 36.8726       0       0   -0.011 -0.02329 0.081845   0.0018321  0.00293414 -0.00152152 0.000136631 0.000100229 9.95743e-05 -0.00975967 -0.00686781   -0.284998   0.00998361 -0.000319301     -9.80899 
              62.944   0.202712  -0.159328 -0.0668463 -0.00547676  0.00673107   0.0601301 36.8726       0       0   -0.011 -0.02329 0.081845 -0.00133881   0.0123771  -0.0105484  0.00012803  8.0307e-05 7.95107e-05 -0.00963102 -0.00713062   -0.284652   0.00996364 -0.000269947     -9.80899 
              63.044   0.222463  -0.176184 -0.0741112 -0.00518161  0.00246587    0.066279 36.8726       0       0   -0.011 -0.02329 0.081845 0.000215219  -0.0072638   0.0137161 0.000118906 8.63937e-05  7.6699e-05 -0.00967528 -0.00660916   -0.285412   0.00996327 -0.000367439     -9.80899 
              63.152   0.243901  -0.168898 -0.0728223 -0.00482879 0.000669016    0.069034 36.8726       0       0   -0.011 -0.02329 0.081845  0.0017104 -0.0113534  0.0184344 9.93524e-05 8.31302e-05 7.70642e-05 -0.00970649 -0.00652355   -0.285536   0.00996747 -0.000383464     -9.80899 
              63.248   0.231522  -0.170484 -0.0740487 -0.00455711  0.00490834   0.0632994 36.8726       0       0   -0.011 -0.02329 0.081845  0.00357124  0.00715236 -0.00461329 0.000112509 7.81338e-05 7.42542e-05 -0.00971491  -0.0070176   -0.284735   0.00997751 -0.000289985     -9.80899 
              63.344   0.206803  -0.173265 -0.0746461 -0.00454375  0.00583574   0.0596651 36.8726       0       0   -0.011 -0.02329 0.081845 0.00267242 0.00753271 -0.0147465 0.000131906  8.0238e-05 8.18045e-05 -0.00966926  -0.0070005   -0.284352   0.00997335 -0.000289333     -9.80899 
              63.444   0.236504  -0.170595 -0.0698468 -0.00461712  0.00322343   0.0642099 36.8726       0       0   -0.011 -0.02329 0.081845 0.00151806 -0.0040763 0.00531347 0.000116358 7.78059e-05 8.24641e-05 -0.00962964 -0.00668704   -0.285022    0.0099599 -0.000351439     -9.80899 
              63.544   0.241606  -0.163982 -0.0646219 -0.00575055  0.00135407   0.0676308 36.8726       0       0   -0.011 -0.02329 0.081845  -0.0025461 -0.00889194   0.0156742 0.000121153 6.43483e-05 8.88722e-05 -0.00948596 -0.00655233   -0.285339   0.00993154 -0.000378445     -9.80899 
              63.648  0.239716 -0.164388 -0.064436 -0.00490778  0.00450953    0.062869 36.8726       0       0   -0.011 -0.02329 0.081845  0.00241053  0.00457576 -0.00338939 0.000122855 7.47081e-05 8.10271e-05 -0.00960219 -0.00692919   -0.284646   0.00995834 -0.000304515     -9.80899 
              63.744   0.223133  -0.159981 -0.0758295 -0.0048085 0.00672183  0.0588247 36.8726       0       0   -0.011 -0.02329 0.081845 0.00292037  0.0103485 -0.0150372 0.000129824  7.3607e-05 9.50741e-05 -0.00958066 -0.00708139   -0.284226  0.00995818 -0.00027293    -9.80899 
              63.844   0.215368  -0.146841 -0.0581659 -0.00470597  0.00297812   0.0628664 36.8726       0       0   -0.011 -0.02329 0.081845  0.00260302 -0.00586215  0.00335886 0.000132266 7.47386e-05 9.00645e-05 -0.00955518 -0.00663852   -0.284798   0.00994962 -0.000357006     -9.80899 
              63.948  0.244834 -0.175639 -0.067381  -0.00469263 -0.000598249    0.0703703 36.8726       0       0   -0.011 -0.02329 0.081845 0.00204135 -0.0154625  0.0274236 0.000124521 7.36983e-05 9.90133e-05 -0.00952809 -0.00640588   -0.285535   0.00993987 -0.000405664     -9.80899 
              64.044   0.244335  -0.163056 -0.0667781 -0.00552566  0.00376193    0.064463 36.8726       0       0   -0.011 -0.02329 0.081845 -0.00081635  0.00455008  0.00115416 0.000131496 7.69644e-05 9.73825e-05 -0.00942328 -0.00691468   -0.284661   0.00992716 -0.000308115     -9.80899 
              64.144   0.264605  -0.164844 -0.0645162 -0.00470778  0.00131124   0.0686562 36.8726       0       0   -0.011 -0.02329 0.081845  0.00315417 -0.00593925   0.0153371 0.000118906 6.75737e-05 8.75271e-05 -0.00950684 -0.00666244   -0.285066  0.00993894 -0.00035638    -9.80899 
              64.244   0.252463  -0.169617 -0.0753105 -0.00439387 7.26286e-06   0.0695452 36.8726       0       0   -0.011 -0.02329 0.081845  0.00316981 -0.00865721   0.0138261 0.000133653 6.97201e-05 9.39989e-05 -0.00950274 -0.00657905   -0.284985   0.00993906 -0.000369576     -9.80899 
              64.344   0.257932  -0.185739 -0.0727773 -0.00465154   0.0037763   0.0641916 36.8726       0       0   -0.011 -0.02329 0.081845  0.00163014  0.00700897 -0.00698151 0.000128055  7.3386e-05 9.01538e-05 -0.00944651 -0.00697895   -0.284301   0.00993489 -0.000290731     -9.80899 
              64.448   0.241197  -0.181205 -0.0778236 -0.00479483  0.00440287   0.0620213 36.8726       0       0   -0.011 -0.02329 0.081845 0.000874193  0.00647883  -0.0109984 0.000144114 6.83412e-05 9.12312e-05 -0.00940936  -0.0069458   -0.284137   0.00993019 -0.000293732     -9.80899 
              64.544   0.268452  -0.164941 -0.0581269 -0.00484199  0.00229984    0.065127 36.8726       0       0   -0.011 -0.02329 0.081845  0.00091543 -0.00348307  0.00339162  0.00013176 6.05674e-05 8.44863e-05  -0.0093929 -0.00671023   -0.284561   0.00992258 -0.000340685     -9.80899 
              64.648   0.264336  -0.169643 -0.0677505 -0.00536798 0.000179227   0.0685214 36.8726       0       0   -0.011 -0.02329 0.081845 -0.00129537 -0.00935717    0.013931 0.000143927 7.62433e-05 9.07027e-05 -0.00933349 -0.00656108   -0.284862   0.00990915 -0.000370829     -9.80899 
              64.744   0.267746  -0.156129 -0.0524528 -0.00515731  0.00452012    0.062621 36.8726       0       0   -0.011 -0.02329 0.081845   0.0010995  0.00858691 -0.00826921 0.000140525 6.99906e-05 8.45668e-05  -0.0093676 -0.00703001   -0.284114    0.0099219 -0.000278934     -9.80899 
              64.844   0.271652  -0.170378 -0.0781934 -0.00418326  0.00612171   0.0613627 36.8726       0       0   -0.011 -0.02329 0.081845  0.00493785   0.0114546 -0.00880708 0.000134811 7.75063e-05 8.71245e-05 -0.00945871 -0.00710946    -0.28407   0.00993747 -0.000264584     -9.80899 
              64.944   0.243985  -0.157389 -0.0645532 -0.00434574  0.00313009   0.0631124 36.8726       0       0   -0.011 -0.02329 0.081845   0.00282761  -0.00382141 -0.000330846 0.000143402 5.69366e-05 8.98802e-05 -0.00937263  -0.0066858    -0.28432   0.00992201 -0.000340395     -9.80899 
              65.044   0.286717  -0.161395 -0.0562234  -0.00556962 -0.000538176     0.069116 36.8726       0       0   -0.011 -0.02329 0.081845 -0.00269777  -0.0151867   0.0197783 0.000119631 5.65085e-05 9.48662e-05 -0.00921223 -0.00639884    -0.28497   0.00989024 -0.000400173       -9.809 
              65.144   0.269121   -0.17253 -0.0687222 -0.00469406  0.00253379   0.0652412 36.8726       0       0   -0.011 -0.02329 0.081845   0.0024767 0.000754302   0.0022294 0.000138338 5.15594e-05 0.000108596 -0.00933033 -0.00683184    -0.28435   0.00991356 -0.000316685     -9.80899 
              65.244   0.271977  -0.179173 -0.0813133 -0.00392842  0.00511955   0.0633245 36.8726       0       0   -0.011 -0.02329 0.081845 0.00489831  0.0103196 -0.0036188  0.00014097 6.46416e-05 0.000113016 -0.00938634 -0.00707328   -0.284128    0.0099238 -0.000272258     -9.80899 
              65.344  0.274062 -0.167103 -0.062414 -0.0043225  0.0017208  0.0657407 36.8726       0       0   -0.011 -0.02329 0.081845  0.00162998 -0.00588745  0.00546383 0.000145261 5.87815e-05 0.000104042  -0.0092861 -0.00663804   -0.284389   0.00990583 -0.000349377     -9.80899 
              65.444   0.316809  -0.139517 -0.0489275  -0.00633703 -0.000466738    0.0708413 36.8726       0       0   -0.011 -0.02329 0.081845 -0.00573215  -0.0117233   0.0211088 0.000111881  4.9356e-05 9.34631e-05 -0.00905983 -0.00652325    -0.28487   0.00986428 -0.000377609       -9.809 
              65.544   0.302362  -0.153484 -0.0560242 -0.00600345  0.00266403   0.0658396 36.8726       0       0   -0.011 -0.02329 0.081845  -0.00151073   0.00291532 -0.000686568 0.000126917 4.99688e-05  0.00010231 -0.00914475 -0.00688833   -0.284146   0.00988355 -0.000302957       -9.809 
              65.644   0.289331  -0.164255 -0.0769434 -0.0043111 0.00408755  0.0635985 36.8726       0       0   -0.011 -0.02329 0.081845  0.00579628   0.0067985 -0.00700351  0.00012787 4.74359e-05 0.000116888 -0.00932817 -0.00698431   -0.283916   0.00991488 -0.000281504     -9.80899 
              65.744  0.300705 -0.143493 -0.057981 -0.00414227  0.00315137   0.0641968 36.8726       0       0   -0.011 -0.02329 0.081845  0.00484905 0.000670697 -0.00248515 0.000118638 3.38838e-05 0.000113985 -0.00927673  -0.0068318   -0.284036   0.00990626 -0.000309351     -9.80899 
              65.848   0.316237  -0.176666 -0.0663022   -0.0043402 -2.26056e-05    0.0689053 36.8726       0       0   -0.011 -0.02329 0.081845 0.00208987 -0.0101982  0.0135659 0.000115264  5.6837e-05 0.000122335 -0.00920267 -0.00654736    -0.28455   0.00989184 -0.000367902       -9.809 
              65.944    0.30969  -0.174371 -0.0687544 -0.00457511  0.00160101   0.0669306 36.8726       0       0   -0.011 -0.02329 0.081845 0.000857258 -0.00132983  0.00419831 0.000121177 5.28928e-05 0.000113868 -0.00915335 -0.00679232   -0.284204   0.00988538 -0.000319813       -9.809 
              66.044   0.294864  -0.163849 -0.0675899 -0.00474263  0.00356403   0.0642271 36.8726       0       0   -0.011 -0.02329 0.081845 0.000487733  0.00583076 -0.00525939 0.000129911 4.31184e-05 0.000106363 -0.00912135 -0.00698601   -0.283862  0.00988251 -0.00027978      -9.809 
              66.144  0.307912 -0.158654 -0.057906 -0.00456922  0.00414794   0.0622706 36.8726       0       0   -0.011 -0.02329 0.081845  0.00133219  0.00519072 -0.00925203 0.000112468 4.84839e-05 0.000110958 -0.00913065  -0.0069737   -0.283697   0.00988547 -0.000277534       -9.809 
              66.248  0.340087 -0.136487 -0.040116 -0.00543498  0.00171356   0.0674564 36.8726       0       0   -0.011 -0.02329 0.081845 -0.00161674 -0.00491141   0.0115366 9.09858e-05 3.35947e-05 0.000107835 -0.00902548 -0.00673298   -0.284342   0.00986336 -0.000332208       -9.809 
              66.344   0.313708   -0.15755 -0.0701256 -0.00471467  0.00101692   0.0668139 36.8726       0       0   -0.011 -0.02329 0.081845  0.00187068 -0.00632036  0.00661985 0.000106773 5.32151e-05 0.000132649 -0.00911346 -0.00668648   -0.284147   0.00987911 -0.000334465       -9.809 
              66.448   0.289016  -0.171999 -0.0699052 -0.00404548   0.0023988   0.0639017 36.8726       0       0   -0.011 -0.02329 0.081845  0.00414234  0.00106208 -0.00406529 0.000119703 6.10123e-05 0.000135448 -0.00915995  -0.0068487   -0.283774   0.00988768 -0.000298222       -9.809 
              66.544   0.309836  -0.151811 -0.0522403 -0.00483296  0.00399052   0.0621608 36.8726       0       0   -0.011 -0.02329 0.081845 0.000332232  0.00643124 -0.00766852 0.000117966 4.70962e-05 0.000130727 -0.00903635 -0.00698502   -0.283638   0.00986812 -0.000273343       -9.809 
              66.644   0.318404  -0.181295 -0.0726725 -0.00393424 -0.00106128   0.0697554 36.8726       0       0   -0.011 -0.02329 0.081845 0.0029605  -0.01324   0.01987 0.000117531 5.83132e-05 0.000131623 -0.00912142 -0.00648581   -0.284489   0.00987832 -0.000374582       -9.809 
              66.744   0.316707  -0.163311 -0.0690466 -0.00470158  0.00048757   0.0676581 36.8726       0       0   -0.011 -0.02329 0.081845 -0.000312276  -0.00355988   0.00787302 0.000125223 5.70559e-05 0.000138835 -0.00901064 -0.00673103   -0.284073   0.00986298 -0.000325235       -9.809 
              66.844  0.302947 -0.188322 -0.080539 -0.00418851  0.00291405   0.0648055 36.8726       0       0   -0.011 -0.02329 0.081845  0.00175122  0.00673177 -0.00284577 0.000132948 6.83482e-05 0.000143811 -0.00906959 -0.00697615   -0.283702   0.00987469 -0.000276789       -9.809 
              66.944    0.30873  -0.162896 -0.0662564 -0.00491736  0.00516947   0.0605902 36.8726       0       0   -0.011 -0.02329 0.081845 -0.000789543     0.011542   -0.0148207 0.000128703 4.39388e-05 0.000137826 -0.00896686 -0.00709201   -0.283287   0.00986204 -0.000247568       -9.809 
              67.044  0.331428 -0.163142 -0.062744 -0.00517983 0.000953051   0.0669815 36.8726       0       0   -0.011 -0.02329 0.081845 -0.00174815 -0.00748478   0.0111961 0.000122068 4.32567e-05 0.000126509 -0.00894647 -0.00662807   -0.284082   0.00985073 -0.000340274       -9.809 
              67.144   0.327422  -0.153511 -0.0506729 -0.00546837  0.00043756   0.0679864 36.8726       0       0   -0.011 -0.02329 0.081845 -0.00176961 -0.00664142   0.0116195 0.000125203 4.09558e-05 0.000114917 -0.00893341 -0.00664979   -0.284068   0.00984884 -0.000336529       -9.809 
              67.248     0.3406  -0.155953 -0.0611342 -0.00467879  0.00366406   0.0643353 36.8726       0       0   -0.011 -0.02329 0.081845 0.00283237  0.0069375 -0.0025707 0.000126089 3.22572e-05 0.000117277 -0.00902675 -0.00699128   -0.283589   0.00986748 -0.000270553       -9.809 
              67.348   0.316241  -0.143716 -0.0555189 -0.00500195  0.00499006   0.0603381 36.8726       0       0   -0.011 -0.02329 0.081845  0.0010126 0.00844519 -0.0145747 0.000145057 3.46409e-05 0.000109985  -0.0089576 -0.00700495   -0.283191   0.00985989 -0.000256992       -9.809 
              67.448   0.364053  -0.144833 -0.0581573 -0.00437356  0.00317832   0.0647529 36.8726       0       0   -0.011 -0.02329 0.081845   0.00313692 -0.000348931   0.00498258 0.000124789 3.67203e-05  0.00011111 -0.00900964 -0.00680306   -0.283797  0.00986465 -0.00030604      -9.809 
              67.544   0.349906  -0.173782 -0.0664185 -0.00433653 0.000680948     0.06777 36.8726       0       0   -0.011 -0.02329 0.081845  0.00177483 -0.00909953   0.0133126 0.000138856 5.78592e-05 0.000112417 -0.00897999 -0.00656107   -0.284052   0.00985966 -0.000351119       -9.809 
              67.648   0.344427  -0.175305 -0.0660351 -0.00432082    0.002043   0.0653761 36.8726       0       0   -0.011 -0.02329 0.081845    0.0023176 -0.000887556   0.00203818 0.000147738 6.05682e-05 0.000118147 -0.00894981 -0.00674403   -0.283651   0.00985621 -0.000310213       -9.809 
